index,index_x,index_y,pos_x(px),pos_y(px),pos_x(mm),pos_y(mm),disp_x(px),disp_y(px),disp_x(um),disp_y(um),strain_xx,strain_yy,strain_xy,r(px),r(mm),theta,disp_r(px),disp_theta(px),disp_r(um),disp_theta(um),norm_disp(px),norm_disp(um)
0,0,0,-512.0,512.0,-2.694736842105263,2.694736842105263,0.2955780029296875,-1.2456417083740234,1.555673699629934,-6.556008991442228,0.0,-0.0,0.0,724.0773439350247,3.8109333891317085,135.0,-1.089806909161227,0.6717964886789085,-5.735825837690668,3.535770993046887,1.2802303001635518,6.738054211387115
1,0,1,-512.0,448.0,-2.694736842105263,2.357894736842105,0.25736236572265625,-1.3092803955078125,1.3545387669613487,-6.890949450041118,1.580712548632235e-07,-0.0005624235865823168,0.00028129082891859003,680.3293320150176,3.580680694815882,138.81407483429035,-1.0558520919713097,0.8158596087754711,-5.557116273533209,4.293997940923533,1.3343352432396651,7.022817069682448
2,0,2,-512.0,384.0,-2.694736842105263,2.0210526315789474,0.30690765380859375,-1.3176116943359375,1.6153034410978617,-6.934798391241776,2.4483099991812196e-07,0.0006995136986631678,-0.00034963443383162485,640.0,3.3684210526315788,143.13010235415598,-1.0360931396484374,0.8699447631835938,-5.453121787623354,4.578656648334704,1.3528831749331187,7.120437762805889
3,0,3,-512.0,320.0,-2.694736842105263,1.6842105263157894,0.1627197265625,-1.2197113037109375,0.8564196134868421,-6.419533177425987,6.570872557176699e-08,0.000362449740798354,-0.00018119201603639112,603.7747924516226,3.1777620655348557,147.9946167919165,-0.784431750229865,0.9480718343269777,-4.128588159104552,4.989851759615672,1.2305175227573193,6.476408014512207
4,0,4,-512.0,256.0,-2.694736842105263,1.3473684210526315,0.21832275390625,-1.271209716796875,1.1490671258223684,-6.6905774568256575,2.4817907728902355e-09,7.045020833373883e-05,-3.522386327148297e-05,572.4334022399462,3.012807380210243,153.434948822922,-0.7637760755909471,1.039367632412561,-4.019874082057616,5.47035596006611,1.2898212934170377,6.788533123247567
5,0,5,-512.0,192.0,-2.694736842105263,1.0105263157894737,0.227081298828125,-1.210693359375,1.195164730674342,-6.372070312499999,1.2911300473206211e-08,-0.00016070703361492633,8.035997245769977e-05,546.816239700322,2.877980208949063,159.44395478041653,-0.6377256648250103,1.053873950307004,-3.356450867500054,5.546705001615811,1.2318053120165504,6.4831858527186865
6,0,6,-512.0,128.0,-2.694736842105263,0.6736842105263158,0.156890869140625,-1.291778564453125,0.8257414165296052,-6.798834549753289,7.303268034775101e-08,-0.00038225801498015244,0.0001911655238302501,527.7575200790606,2.777671158310845,165.96375653207352,-0.46550882157623585,1.2151576611431874,-2.4500464293486095,6.3955666375957225,1.3012711494535938,6.848795523439967
7,0,7,-512.0,64.0,-2.694736842105263,0.3368421052631579,0.2008819580078125,-1.259613037109375,1.057273463199013,-6.6295423005756575,7.185292361100437e-10,3.790783554791233e-05,-1.895355850933811e-05,515.9844958911071,2.71570787311109,172.8749836510982,-0.3555664915050444,1.2249698095984853,-1.8714025868686546,6.447209524202554,1.2755306990852695,6.713319468869839
8,0,8,-512.0,0.0,-2.694736842105263,0.0,0.19951629638671875,-1.28692626953125,1.0500857704564144,-6.773296155427632,8.59506883443828e-08,-0.00041469585974596157,0.00020739090521715298,512.0,2.694736842105263,180.0,-0.19951629638671892,1.28692626953125,-1.0500857704564153,6.773296155427632,1.302300263277825,6.854211911988553
9,0,9,-512.0,-64.0,-2.694736842105263,-0.3368421052631579,0.0550079345703125,-1.31268310546875,0.2895154451069079,-6.908858449835526,3.208697307854891e-09,-8.011185127543285e-05,4.0057529986370355e-05,515.9844958911071,2.71570787311109,-172.8749836510982,0.1082351440687202,1.309369299257164,0.5696586529932642,6.89141736451139,1.3138351526157204,6.914921855872213
10,0,10,-512.0,-128.0,-2.694736842105263,-0.6736842105263158,0.19307708740234375,-1.29718017578125,1.016195196854441,-6.82726408305921,4.497917416301789e-08,0.0002998855933356026,-0.0001499203070807198,527.7575200790606,2.777671158310845,-165.96375653207352,0.1273001164245575,1.305277690944705,0.6700006127608289,6.8698825839195,1.3114706135173777,6.902476913249355
11,0,11,-512.0,-192.0,-2.694736842105263,-1.0105263157894737,0.30551910400390625,-1.2742919921875,1.6079952842310856,-6.706799958881579,8.194558631657856e-08,0.00040475280172813655,-0.00020233542807090998,546.816239700322,2.877980208949063,-159.44395478041653,0.16136733850179413,1.3004316922965944,0.8493017815883902,6.8443773278768125,1.3104052824468226,6.896869907614856
12,0,12,-512.0,-256.0,-2.694736842105263,-1.3473684210526315,0.324371337890625,-1.245361328125,1.7072175678453947,-6.554533305921053,1.0896212643274339e-07,-0.0004669325400072921,0.00023352075106686243,572.4334022399462,3.012807380210243,-153.434948822922,0.26681597265698803,1.2589483067899663,1.4042945929315158,6.626043719947191,1.2869116529250242,6.77321922592118
13,0,13,-512.0,-320.0,-2.694736842105263,-1.6842105263157894,0.168182373046875,-1.33404541015625,0.8851703844572368,-7.021291632401316,2.823726390488446e-07,-0.0007517777339671738,0.00037603005330311134,603.7747924516226,3.1777620655348557,-147.9946167919165,0.5644242861916186,1.2204047247203351,2.970654137850624,6.4231827616859745,1.344604948288766,7.076868148888242
14,0,14,-512.0,-384.0,-2.694736842105263,-2.0210526315789474,0.2050018310546875,-1.341552734375,1.0789570055509867,-7.060803865131579,1.728368488329579e-07,-0.0005881130529132861,0.0002941429448810595,640.0,3.3684210526315788,-143.13010235415598,0.64093017578125,1.1962432861328125,3.373316714638158,6.296017295435854,1.3571254510342121,7.142765531759011
15,0,15,-512.0,-448.0,-2.694736842105263,-2.357894736842105,0.13336181640625,-1.4093017578125,0.701904296875,-7.417377672697368,0.0,-0.0,0.0,680.3293320150176,3.580680694815882,-138.81407483429035,0.8276667064056126,1.148427029356355,4.35614056002954,6.044352786086079,1.415597689546213,7.450514155506384
16,1,0,-448.0,512.0,-2.357894736842105,2.694736842105263,0.3710784912109375,-1.274825096130371,1.9530446905838814,-6.709605769107216,-0.00048828119178523366,-1.1926750431712208e-07,-0.00024408096214045827,680.3293320150176,3.580680694815882,131.18592516570965,-1.2037605535184723,0.5602131756359333,-6.335581860623538,2.9484903980838597,1.3277342627059059,6.988075066873189
17,1,1,-448.0,448.0,-2.357894736842105,2.357894736842105,0.284423828125,-1.2842636108398438,1.4969675164473684,-6.7592821623149675,-0.00034445690673298723,0.0005953254060120095,-0.00046989115637249834,633.5676759431466,3.334566715490245,135.0,-1.1092295256541993,0.7069934904577502,-5.838050135022101,3.721018370830264,1.3153820494946225,6.92306341839275
18,1,2,-448.0,384.0,-2.357894736842105,2.0210526315789474,0.1947784423828125,-1.1985931396484375,1.025149696751645,-6.308384945518092,-0.0008090193880114782,-0.00022190254802367804,-0.0002935584199939001,590.0508452667448,3.1055307645618146,139.3987053549955,-0.9279208939442872,0.7832796247899012,-4.883794178654143,4.1225243409994805,1.2143163327689261,6.3911385935206635
19,1,3,-448.0,320.0,-2.357894736842105,1.6842105263157894,0.253509521484375,-1.3126220703125,1.3342606393914473,-6.908537212171052,6.215840853940335e-05,-0.00031130582370053617,0.00018673211611996976,550.5488170907281,2.897625353109095,144.46232220802563,-0.9692352640856972,0.920775097299791,-5.101238232029985,4.846184722630479,1.3368783702920437,7.036201948905493
20,1,4,-448.0,256.0,-2.357894736842105,1.3473684210526315,0.214630126953125,-1.238433837890625,1.1296322471217104,-6.518072831003289,-0.0007450206268444504,0.00048383307343868864,-0.0006144268501415695,515.9844958911071,2.71570787311109,150.25511870305778,-0.8007863853765869,0.9687753233974934,-4.214665186192563,5.098817491565755,1.256894769751397,6.615235630270511
21,1,5,-448.0,192.0,-2.357894736842105,1.0105263157894737,0.2055816650390625,-1.250640869140625,1.0820087633634867,-6.5823203638980265,-0.004322121760196751,-0.000423361638240749,-0.001949380060978001,487.40947877529015,2.565313046185737,156.80140948635182,-0.6816109396298071,1.0685377539151448,-3.587425998051616,5.623882915342867,1.2674251080695267,6.670658463523825
22,1,6,-448.0,128.0,-2.357894736842105,0.6736842105263158,0.1415863037109375,-1.291412353515625,0.745191072162829,-6.796907123766447,-0.005676463846697288,0.0003094232125420149,-0.0029929435296196516,465.92703291395316,2.452247541652385,164.05460409907712,-0.4909168800144334,1.2028271551341807,-2.583773052707544,6.330669237548319,1.2991507026558895,6.83763527713626
23,1,7,-448.0,64.0,-2.357894736842105,0.3368421052631579,0.0840301513671875,-1.208953857421875,0.44226395456414475,-6.3629150390625,-0.008249032001707235,0.0012801761438581138,-0.004764604072782674,452.54833995939043,2.381833368207318,171.86989764584402,-0.2541574999431472,1.1849196010433252,-1.3376710523323536,6.236418952859606,1.2118706596473172,6.378266629722722
24,1,8,-448.0,0.0,-2.357894736842105,0.0,0.128265380859375,-1.123046875,0.6750809518914473,-5.910773026315789,-0.00978003187795018,-0.0003895337996926429,-0.004695249039128768,448.0,2.357894736842105,180.0,-0.12826538085937514,1.123046875,-0.675080951891448,5.910773026315789,1.13034786299363,5.949199278913842
25,1,9,-448.0,-64.0,-2.357894736842105,-0.3368421052631579,0.02001953125,-1.25262451171875,0.10536595394736842,-6.592760587993421,-0.009166644780343347,-0.001573277743155188,-0.0037966835185940795,452.54833995939043,2.381833368207318,-171.86989764584402,0.1573295324790921,1.2428661903841525,0.8280501709425899,6.541401002021854,1.252784478268352,6.593602517201852
26,1,10,-448.0,-128.0,-2.357894736842105,-0.6736842105263158,0.1417694091796875,-1.31884765625,0.74615478515625,-6.941303453947369,-0.0010029397613902091,-4.485028911638267e-05,-0.00047904473613691323,465.92703291395316,2.452247541652385,-164.05460409907712,0.2260006336806535,1.307050656765536,1.1894770193718607,6.8792139829765055,1.3264455155698163,6.98129218720956
27,1,11,-448.0,-192.0,-2.357894736842105,-1.0105263157894737,0.185333251953125,-1.25830078125,0.9754381681743421,-6.6226356907894735,-0.0022969069978113765,0.0003310862084742183,-0.0013139966031427974,487.40947877529015,2.565313046185737,-156.80140948635182,0.3253208237218194,1.229567253966548,1.7122148616937862,6.471406599823937,1.271876279507516,6.694085681618505
28,1,12,-448.0,-256.0,-2.357894736842105,-1.3473684210526315,0.2272796630859375,-1.276123046875,1.1962087530838816,-6.716437088815789,-0.0014306922889133489,-0.0004603246712306941,-0.0004851838088413274,515.9844958911071,2.71570787311109,-150.25511870305778,0.43580032487052794,1.2207473747097444,2.2936859203711997,6.424986182682865,1.2962044885040287,6.822128886863308
29,1,13,-448.0,-320.0,-2.357894736842105,-1.6842105263157894,0.2189483642578125,-1.31707763671875,1.1523598118832237,-6.931987561677631,0.0006180733527187954,0.00020339786157563822,0.00020733774557157858,550.5488170907281,2.897625353109095,-144.46232220802563,0.5873702140916762,1.1990113089348733,3.091422179429875,6.310585836499333,1.335152383571186,7.0271178082694
30,1,14,-448.0,-384.0,-2.357894736842105,-2.0210526315789474,0.294189453125,-1.25006103515625,1.548365542763158,-6.5792686060855265,0.00010298855750789926,0.00045956007988223746,-0.0001782857611871691,590.0508452667448,3.1055307645618146,-139.3987053549955,0.5901636533417338,1.1405730525574589,3.106124491272283,6.003016066091889,1.2842118306361696,6.759009634927208
31,1,15,-448.0,-448.0,-2.357894736842105,-2.357894736842105,0.329681396484375,-1.25823974609375,1.7351652446546053,-6.622314453125,0.0009210771444898569,-4.2380128917329785e-07,0.0004607504728895151,633.5676759431466,3.334566715490245,-135.0,0.656589905736178,1.1228298079064827,3.455736345979884,5.909630567928856,1.3007140661336574,6.8458635059666175
32,2,0,-384.0,512.0,-2.0210526315789474,2.694736842105263,0.233062744140625,-1.2207040786743164,1.2266460217927633,-6.424758308812192,-0.0015279284873983556,-1.1690696695154656e-06,-0.0007633797088644201,640.0,3.3684210526315788,126.86989764584402,-1.1164009094238283,0.5459722518920896,-5.875794260125412,2.8735381678531033,1.2427536724542279,6.540808802390672
33,2,1,-384.0,448.0,-2.0210526315789474,2.357894736842105,0.2132415771484375,-1.2645339965820312,1.1223240902549343,-6.6554420872738485,-0.00028316745519593733,-0.00025970419883772355,-1.173162817910689e-05,590.0508452667448,3.1055307645618146,130.6012946450045,-1.0988815646906307,0.6610427410686458,-5.7835871825822665,3.479172321413925,1.2823876943952939,6.749408917869967
34,2,2,-384.0,384.0,-2.0210526315789474,2.0210526315789474,0.20330810546875,-1.253936767578125,1.070042660361842,-6.599667197779605,-7.021134630313952e-05,3.0335838948403193e-05,-5.027359262577136e-05,543.0580079512685,2.858200041848782,135.0,-1.030427731580775,0.7429066514864888,-5.423303850425131,3.9100350078236255,1.2703116164286499,6.685850612782367
35,2,3,-384.0,320.0,-2.0210526315789474,1.6842105263157894,0.1706695556640625,-1.260650634765625,0.8982608192845394,-6.635003340871711,-0.0005513096229776693,3.1318701957161466e-05,-0.00029131416246741537,499.85597925802585,2.630820943463294,140.19442890773482,-0.9381608542446386,0.8591986567310913,-4.93768870655073,4.522098193321533,1.2721509816706278,6.695531482476988
36,2,4,-384.0,256.0,-2.0210526315789474,1.3473684210526315,0.1229095458984375,-1.249908447265625,0.6468923468338815,-6.578465511924342,-0.011692923965142654,-0.0014749341586366427,-0.005108994903253006,461.5105632593906,2.4290029645231086,146.30993247402023,-0.7955913848035393,0.9718087422149034,-4.187323077913365,5.114782853762649,1.2559370537646088,6.61019501981373
37,2,5,-384.0,192.0,-2.0210526315789474,1.0105263157894737,-0.327362060546875,-1.440460205078125,-1.7229582134046053,-7.581369500411184,-0.015457145318002574,0.005658022507638805,-0.01055758391282069,429.32505167995964,2.2596055351576823,153.434948822922,-0.3513918592327095,1.434787539102633,-1.849430838066892,7.551513363698068,1.4771904146382786,7.774686392833045
38,2,6,-384.0,128.0,-2.0210526315789474,0.6736842105263158,-0.57177734375,-0.507965087890625,-3.0093544407894735,-2.6735004625822367,-0.013211578068499819,0.011244267163043276,-0.012227922615771547,404.7715405015526,2.13037652895554,161.565051177078,0.38180295126111347,0.6627098669477012,2.009489217163755,3.4879466681457956,0.764825379640043,4.025396734947595
39,2,7,-384.0,64.0,-2.0210526315789474,0.3368421052631579,-0.8594970703125,0.0185546875,-4.52366879111842,0.09765624999999999,-0.009728490176563298,0.006072222056751286,-0.007900356116657292,389.29680193908604,2.048930536521506,170.53767779197437,0.8508530595425462,0.12299821694269242,4.478173997592348,0.6473590365404863,0.8596973248207728,4.524722762214593
40,2,8,-384.0,0.0,-2.0210526315789474,0.0,-1.0585174560546875,0.27783203125,-5.571144505550986,1.4622738486842104,-0.01200635997054178,0.002462464249106233,-0.007234412109824007,384.0,2.0210526315789474,180.0,1.0585174560546875,-0.2778320312499999,5.571144505550986,-1.46227384868421,1.0943718939926173,5.759852073645354
41,2,9,-384.0,-64.0,-2.0210526315789474,-0.3368421052631579,-1.1239013671875,0.343505859375,-5.915270353618421,1.8079255756578947,-0.010864741593167082,-0.004961245269015535,-0.0029517481620757735,389.29680193908604,2.048930536521506,-170.53767779197437,1.0521374641656827,-0.5236003390849706,5.537565600872014,-2.7557912583419504,1.1752236206743332,6.185387477233332
42,2,10,-384.0,-128.0,-2.0210526315789474,-0.6736842105263158,0.06463623046875,-0.3480224609375,0.3401906866776316,-1.8316971628289473,-0.006040841789108242,-0.004818290023941074,-0.000611275882583584,404.7715405015526,2.13037652895554,-161.565051177078,0.04873505305130088,0.3506028668027259,0.25650027921737306,1.8452782463301363,0.35397383463499543,1.8630201822894497
43,2,11,-384.0,-192.0,-2.0210526315789474,-1.0105263157894737,0.01116943359375,-0.2694091796875,0.05878649259868421,-1.417943050986842,-0.0006093658503232291,-0.007178338617450208,0.0032844863835634897,429.32505167995964,2.2596055351576823,-153.434948822922,0.11049320279442323,0.24596201837464116,0.5815431726022275,1.2945369388139008,0.2696406170195745,1.4191611422082868
44,2,12,-384.0,-256.0,-2.0210526315789474,-1.3473684210526315,0.1410980224609375,-1.2635498046875,0.7426211708470395,-6.650262129934211,-0.0024625479240327763,-0.00799079546738568,0.002764123771676452,461.5105632593906,2.4290029645231086,-146.30993247402023,0.5834906734813955,1.1296040876468332,3.0710035446389234,5.945284671825438,1.2714034610886533,6.6915971636244915
45,2,13,-384.0,-320.0,-2.0210526315789474,-1.6842105263157894,0.2472686767578125,-1.28778076171875,1.301414088199013,-6.777793482730263,-0.0002503958981421306,0.00025075352601078293,-0.00025057471207645676,499.85597925802585,2.630820943463294,-140.19442890773482,0.6344600945771477,1.147598133994492,3.3392636556691984,6.039990178918379,1.3113051089500427,6.901605836579172
46,2,14,-384.0,-384.0,-2.0210526315789474,-2.0210526315789474,0.218170166015625,-1.2314453125,1.1482640316611843,-6.481291118421052,-0.0005572621683995749,0.00010092900799918425,-0.00032909558819937956,543.0580079512685,2.858200041848782,-135.0,0.7164937272868939,1.0250329349713803,3.7710196172994412,5.394910184059896,1.250622156775382,6.582221877765168
47,2,15,-384.0,-448.0,-2.0210526315789474,-2.357894736842105,0.2512054443359375,-1.27484130859375,1.3221339175575657,-6.7096910978618425,-0.00047076583129523897,-1.1086243034696963e-07,-0.000235327484432446,590.0508452667448,3.1055307645618146,-130.6012946450045,0.804449344378817,1.0203851183202999,4.233943917783248,5.370447991159472,1.2993554314971099,6.838712797353209
48,3,0,-320.0,512.0,-1.6842105263157894,2.694736842105263,0.17535400390625,-1.1953067779541016,0.9229158100328947,-6.291088305021587,-0.0001246851427083584,-7.774161758788978e-09,-6.23386842732998e-05,603.7747924516226,3.1777620655348557,122.0053832080835,-1.1065555566664904,0.48481142738128863,-5.8239766140341604,2.5516390914804665,1.2081007077677626,6.358424777725066
49,3,1,-320.0,448.0,-1.6842105263157894,2.357894736842105,0.2481689453125,-1.275146484375,1.30615234375,-6.711297286184211,-0.0002440431102613827,0.0006111630185942074,-0.00042760306442779505,550.5488170907281,2.897625353109095,125.53767779197437,-1.1818746445381443,0.5392204619905258,-6.220392865990233,2.838002431529083,1.2990713537105807,6.83721765110832
50,3,2,-320.0,384.0,-1.6842105263157894,2.0210526315789474,0.185791015625,-1.1170501708984375,0.9778474506578947,-5.87921142578125,-4.0382135686911624e-05,0.000544279802618064,-0.0002923309691524878,499.85597925802585,2.630820943463294,129.8055710922652,-0.9770822214630095,0.5723894812905874,-5.14253800770005,3.0125762173188813,1.1323954193616281,5.95997589137699
51,3,3,-320.0,320.0,-1.6842105263157894,1.6842105263157894,0.18292236328125,-1.2054595947265625,0.9627492804276315,-6.344524182771381,-0.004982534599818678,0.007625404549159498,-0.006303969574489088,452.54833995939043,2.381833368207318,135.0,-0.9817342973843807,0.7230430103706986,-5.167022617812529,3.805489528266835,1.2192593758125159,6.4171546095395575
52,3,4,-320.0,256.0,-1.6842105263157894,1.3473684210526315,-1.291046142578125,-0.1356201171875,-6.794979697779605,-0.7137900904605263,-0.014042971809757887,0.012670872887028395,-0.013356922348393141,409.7999511957023,2.1568418483984333,141.34019174590992,0.9234164487352154,0.9124116508775251,4.860086572290608,4.8021665835659215,1.2981498212655609,6.832367480345057
53,3,5,-320.0,192.0,-1.6842105263157894,1.0105263157894737,-1.7906494140625,0.43994140625,-9.424470600328947,2.315481085526316,-0.011394987723491568,0.010235558173320669,-0.010815272948406118,373.18092127009925,1.9641101119478908,149.03624346792648,1.7618171911423484,0.5440348794065402,9.27272205864394,2.8633414705607376,1.843901777485884,9.704746197294126
54,3,6,-320.0,128.0,-1.6842105263157894,0.6736842105263158,-1.569244384765625,1.18988037109375,-8.259180972450658,6.2625282689144735,-0.00979788970354889,0.00974901389483307,-0.00977345179919098,344.65054765660824,1.813950250824254,158.19859051364818,1.898917309358442,-0.5219734560794642,9.994301628202326,-2.7472287162077063,1.9693509683732469,10.3650050967013
55,3,7,-320.0,64.0,-1.6842105263157894,0.3368421052631579,-1.169769287109375,1.700286865234375,-6.156680458470395,8.94887823807566,-0.006501107486855062,0.003874450000893148,-0.005187778743874105,326.3372488699382,1.7175644677365167,168.6900675259798,1.4805068465921805,-1.4378578115886809,7.792141297853581,-7.567672692572004,2.0638157885705093,10.862188360897418
56,3,8,-320.0,0.0,-1.6842105263157894,0.0,-1.418304443359375,1.68951416015625,-7.464760228207237,8.892179790296053,-0.0029501036971382177,-0.0008666201264091455,-0.001041741785364536,320.0,1.6842105263157894,180.0,1.4183044433593752,-1.6895141601562498,7.464760228207238,-8.892179790296051,2.2059115103334097,11.610060580702157
57,3,9,-320.0,-64.0,-1.6842105263157894,-0.3368421052631579,-1.379852294921875,1.5899658203125,-7.262380499588815,8.368241159539474,-0.0005222458988782819,-0.005131612285936171,0.0023046831935289447,326.3372488699382,1.7175644677365167,-168.6900675259798,1.0412385440266596,-1.829701057549131,5.480202863298208,-9.630005566048057,2.1052276992200074,11.08014578536846
58,3,10,-320.0,-128.0,-1.6842105263157894,-0.6736842105263158,-0.635284423828125,1.03436279296875,-3.3436022306743416,5.444014699835526,-0.0009688247965584651,-0.00944458348286048,0.0042378793431510076,344.65054765660824,1.813950250824254,-158.19859051364818,0.20569408233070208,-1.196320455033214,1.0826004333194847,-6.296423447543232,1.2138750704404246,6.388816160212761
59,3,11,-320.0,-192.0,-1.6842105263157894,-1.0105263157894737,0.104034423828125,0.38677978515625,0.5475495990953948,2.0356830797697367,0.0003501493225712693,-0.012121828247131816,0.006235988784851543,373.18092127009925,1.9641101119478908,-149.03624346792648,-0.288205340211259,-0.27813566010218344,-1.5168702116382053,-1.4638718952746497,0.4005268574599771,2.108036091894616
60,3,12,-320.0,-256.0,-1.6842105263157894,-1.3473684210526315,-0.092376708984375,-0.5079345703125,-0.486193205180921,-2.67333984375,-0.0004309016716135261,-0.011361162041460204,0.005465130184923339,409.7999511957023,2.1568418483984333,-141.34019174590992,0.3894383013207974,0.33892299058296377,2.04967527010946,1.7838052135945461,0.5162663886806189,2.7171915193716782
61,3,13,-320.0,-320.0,-1.6842105263157894,-1.6842105263157894,0.1868896484375,-1.05926513671875,0.983629728618421,-5.575079666940789,-0.0019020854253355424,-0.005871671555560454,0.0019847930651124557,452.54833995939043,2.381833368207318,-135.0,0.6168626235045974,0.8811644989920495,3.246645386866302,4.637707889431839,1.0756255717306484,5.661187219634991
62,3,14,-320.0,-384.0,-1.6842105263157894,-2.0210526315789474,0.22283935546875,-1.257080078125,1.172838712993421,-6.616210937499999,-0.0004955356266691524,-0.0015539104792878788,0.0005291874263093632,499.85597925802585,2.630820943463294,-129.8055710922652,0.8230573871711752,0.9759529899474882,4.3318809851114475,5.136594683934148,1.2766783859549296,6.719359926078576
63,3,15,-320.0,-448.0,-1.6842105263157894,-2.357894736842105,0.2694091796875,-1.25799560546875,1.417943050986842,-6.621029502467105,0.00013650395192854603,-9.315392901498853e-09,6.825663366072376e-05,550.5488170907281,2.897625353109095,-125.53767779197437,0.8670822258279984,0.9504223603912855,4.563590662252624,5.002222949427818,1.2865202095103592,6.771158997422943
64,4,0,-256.0,512.0,-1.3473684210526315,2.694736842105263,0.21710205078125,-1.2169570922851562,1.1426423725328947,-6.405037327816612,0.000722669231549844,-2.6093687210959615e-07,0.0003614650842109768,572.4334022399462,3.012807380210243,116.56505117707799,-1.185570502340335,0.3500577793694243,-6.239844749159658,1.842409365102233,1.2361706455488122,6.506161292362169
65,4,1,-256.0,448.0,-1.3473684210526315,2.357894736842105,0.181976318359375,-1.2310943603515625,0.9577700966282895,-6.479444001850329,-0.0003004806379021119,0.0004897253850639771,-0.0003951030114830445,515.9844958911071,2.71570787311109,119.74488129694222,-1.1591747730802475,0.4527941585173249,-6.100919858317091,2.3831271500911835,1.244471255004733,6.549848710551226
66,4,2,-256.0,384.0,-1.3473684210526315,2.0210526315789474,0.1981201171875,-1.1542510986328125,1.042737458881579,-6.075005782277961,0.0008816438204632959,0.009895591210664634,-0.004506973695100669,461.5105632593906,2.4290029645231086,123.69006752597979,-1.070292234237283,0.47541740908469965,-5.633117022301489,2.502196889919472,1.1711307269171292,6.1638459311427845
67,4,3,-256.0,320.0,-1.3473684210526315,1.6842105263157894,-0.47247314453125,0.0419158935546875,-2.4867007606907894,0.22060996607730263,-0.0051402245128358,0.017531434115191757,-0.011335829314013779,409.7999511957023,2.1568418483984333,128.6598082540901,0.32788244738792727,0.3427548907464903,1.7256970915154066,1.8039731091920541,0.4743288041387908,2.496467390204162
68,4,4,-256.0,256.0,-1.3473684210526315,1.3473684210526315,-1.6981201171875,1.11163330078125,-8.937474300986842,5.85070158305921,-0.0022089845406512154,0.012919581578920258,-0.007564283059785737,362.03867196751236,1.9054666945658543,135.0,1.9867956953077828,0.41470880495736917,10.45681944898833,2.182677920828259,2.0296158572012355,10.682188722111764
69,4,5,-256.0,192.0,-1.3473684210526315,1.0105263157894737,-1.80126953125,1.706787109375,-9.480365953947368,8.983090049342106,-0.0017434738922190718,0.007951655273444658,-0.004847564582831865,320.0,1.6842105263157894,143.13010235415598,2.465087890625,-0.28466796875,12.974146792763158,-1.498252467105263,2.48147016120248,13.060369269486737
70,4,6,-256.0,128.0,-1.3473684210526315,0.6736842105263158,-1.83837890625,2.13372802734375,-9.675678453947368,11.230147512335526,-0.0017434388286119429,0.004621151078367802,-0.0031822949534898726,286.2167011199731,1.5064036901051214,153.434948822922,2.5985282640381167,-1.086316325299519,13.676464547569035,-5.717454343681679,2.8164574020597573,14.823460010840826
71,4,7,-256.0,64.0,-1.3473684210526315,0.3368421052631579,-1.695343017578125,2.29986572265625,-8.92285798725329,12.104556435032894,-0.0032894612055258676,0.0007596016626791879,-0.0020245314341025278,263.8787600395303,1.3888355791554226,165.96375653207352,2.2025236842212452,-1.8200164037569913,11.592229916953922,-9.579033703984164,2.8571962287354467,15.037874888081298
72,4,8,-256.0,0.0,-1.3473684210526315,0.0,-1.436737060546875,2.231689453125,-7.561774002878289,11.74573396381579,0.0005560551921064416,-0.0034330521861249963,0.001994553689115719,256.0,1.3473684210526315,180.0,1.4367370605468752,-2.231689453125,7.561774002878291,-11.74573396381579,2.6541761803501736,13.969348317632493
73,4,9,-256.0,-64.0,-1.3473684210526315,-0.3368421052631579,-1.19244384765625,1.8612060546875,-6.276020250822368,9.795821340460526,0.004440282292790698,-0.0027582392172291748,0.0035992607550099365,263.8787600395303,1.3888355791554226,-165.96375653207352,0.705431681853113,-2.094845209092199,3.7127983255426997,-11.025501100485258,2.2104321540863117,11.633853442559536
74,4,10,-256.0,-128.0,-1.3473684210526315,-0.6736842105263158,-0.065093994140625,1.88037109375,-0.34259996916118424,9.896689967105262,-0.0003734557437837793,-0.005148318548208408,0.0023874314022123144,286.2167011199731,1.5064036901051214,-153.434948822922,-0.782705679379962,-1.710965954585334,-4.119503575684011,-9.005083971501758,1.8814974563585651,9.902618191360869
75,4,11,-256.0,-192.0,-1.3473684210526315,-1.0105263157894737,0.04669189453125,1.20391845703125,0.24574681332236842,6.33641293174342,0.001268040885776145,-0.011121165504306418,0.006194603195041282,320.0,1.6842105263157894,-143.13010235415598,-0.75970458984375,-0.93511962890625,-3.9984452097039473,-4.921682257401316,1.2048235489877441,6.341176573619706
76,4,12,-256.0,-256.0,-1.3473684210526315,-1.3473684210526315,0.0777587890625,0.46478271484375,0.4092567845394737,2.4462248149671053,0.00044634589767156285,-0.012810733409878594,0.0066285396537750785,362.03867196751236,1.9054666945658543,-135.0,-0.3836347764872572,-0.2736672424013609,-2.019130402564511,-1.4403539073755838,0.47124240184218674,2.4802231675904562
77,4,13,-256.0,-320.0,-1.3473684210526315,-1.6842105263157894,0.001373291015625,-0.42547607421875,0.007227847450657895,-2.2393477590460527,0.0028466320002280554,-0.01206675529124368,0.007456693645735868,409.7999511957023,2.1568418483984333,-128.6598082540901,0.33138310742537774,0.26686515653774173,1.744121618028304,1.4045534554617984,0.42547829046945845,2.2393594235234655
78,4,14,-256.0,-384.0,-1.3473684210526315,-2.0210526315789474,0.154571533203125,-1.070068359375,0.8135343852796053,-5.631938733552631,0.0015649470242635743,-0.0069958838376180665,0.0042804154309408204,461.5105632593906,2.4290029645231086,-123.69006752597979,0.8046098335809745,0.7221784186176332,4.234788597794602,3.8009390453559644,1.0811746633233081,5.690392964859517
79,4,15,-256.0,-448.0,-1.3473684210526315,-2.357894736842105,0.2686767578125,-1.31768798828125,1.414088199013158,-6.935199938322368,0.00027517288992839894,-3.78496451958199e-08,0.00013760536978679738,515.9844958911071,2.71570787311109,-119.74488129694222,1.01077255790272,0.8870330720103488,5.319855567909053,4.6685951158439405,1.3448006672549373,7.077898248710197
80,5,0,-192.0,512.0,-1.0105263157894737,2.694736842105263,0.267822265625,-1.34564208984375,1.4095908717105263,-7.082326788651316,0.0002048225312876184,-2.097183937621594e-08,0.00010242175156349731,546.816239700322,2.877980208949063,110.55604521958347,-1.3540026269259393,0.22171668002479872,-7.126329615399681,1.1669298948673617,1.372035495139817,7.2212394481043
81,5,1,-192.0,448.0,-1.0105263157894737,2.357894736842105,0.209686279296875,-1.2618026733398438,1.103611996299342,-6.641066701788651,0.000610316975155456,0.0025878298449129034,-0.0009887564348787237,487.40947877529015,2.565313046185737,113.1985905136482,-1.2423791281261167,0.30431632254864904,-6.538837516453246,1.6016648555192055,1.2791068454874845,6.732141292039392
82,5,2,-192.0,384.0,-1.0105263157894737,2.0210526315789474,0.292266845703125,-1.013946533203125,1.538246556332237,-5.336560701069079,-0.005982014817417891,0.015167269391239913,-0.010574642104328902,429.32505167995964,2.2596055351576823,116.56505117707799,-1.0376070564292998,0.19203926093383505,-5.461089770680525,1.0107329522833424,1.0552286393440475,5.55383494391604
83,5,3,-192.0,320.0,-1.0105263157894737,1.6842105263157894,-0.49688720703125,0.696990966796875,-2.615195826480263,3.6683735094572367,-0.005161647604012387,0.020969037817025082,-0.013065342710518735,373.18092127009925,1.9641101119478908,120.96375653207352,0.8533111822576838,0.06747837091804115,4.491111485566757,0.3551493206212692,0.8559750605641258,4.505131897705925
84,5,4,-192.0,256.0,-1.0105263157894737,1.3473684210526315,-1.5849609375,1.70074462890625,-8.341899671052632,8.95128752055921,0.0033652916814901346,0.014852033529081154,-0.00574337092379551,320.0,1.6842105263157894,126.86989764584402,2.311572265625,0.24752197265625053,12.166169819078949,1.3027472245065816,2.324786757135875,12.23571977439934
85,5,5,-192.0,192.0,-1.0105263157894737,1.0105263157894737,-2.018096923828125,2.613067626953125,-10.621562756990132,13.752987510279604,-0.003131946519658868,0.008732398942754571,-0.00593217273120672,271.5290039756342,1.429100020924391,135.0,3.2747278586481734,-0.42070781878701524,17.235409782358808,-2.2142516778263963,3.301641654843084,17.37706134127939
86,5,6,-192.0,128.0,-1.0105263157894737,0.6736842105263158,-1.793975830078125,2.824066162109375,-9.441978053042764,14.863506116365132,0.002168941407035163,0.003034305663277337,-0.00043268212812108686,230.7552816296953,1.2145014822615543,146.30993247402023,3.059188171726581,-1.3546463364449957,16.10099037750832,-7.129717560236819,3.345698576811078,17.60893987795304
87,5,7,-192.0,64.0,-1.0105263157894737,0.3368421052631579,-1.591552734375,3.002349853515625,-8.37659333881579,15.801841334292764,0.0021800779782381596,-0.0016920351468172612,0.0019360565625277104,202.3857702507763,1.06518826447777,161.565051177078,2.4593058840464144,-2.3449859952452847,12.943715179191654,-12.342031553922551,3.3981089960744097,17.884784189865314
88,5,8,-192.0,0.0,-1.0105263157894737,0.0,-1.347900390625,2.60797119140625,-7.094212582236842,13.726164165296051,0.0030867625754638084,-0.0028519202750487693,0.002969341425256289,192.0,1.0105263157894737,180.0,1.3479003906250002,-2.60797119140625,7.0942125822368425,-13.726164165296051,2.9357025050662,15.451065816137895
89,5,9,-192.0,-64.0,-1.0105263157894737,-0.3368421052631579,-0.813232421875,2.638427734375,-4.280170641447368,13.886461759868421,0.0024721042082376243,-0.003174246923691726,0.002823175565964675,202.3857702507763,1.06518826447777,-161.565051177078,-0.06284409217229048,-2.760198996736814,-0.3307583798541604,-14.527363140720073,2.760914319841866,14.531127999167715
90,5,10,-192.0,-128.0,-1.0105263157894737,-0.6736842105263158,-0.684783935546875,2.20269775390625,-3.6041259765625,11.59314607319079,-0.005401354504101619,-0.006176251697070256,0.00038744859648431884,230.7552816296953,1.2145014822615543,-146.30993247402023,-0.6520622011870641,-2.212605097894739,-3.4319063220371797,-11.645289988919679,2.3066873289301055,12.140459625947923
91,5,11,-192.0,-192.0,-1.0105263157894737,-1.0105263157894737,0.2584228515625,1.8521728515625,1.360120271381579,9.74827816611842,0.0013034385865466902,-0.011948351306273253,0.0066258949464099715,271.5290039756342,1.429100020924391,-135.0,-1.4924165340228768,-1.1269514325160601,-7.854823863278298,-5.931323329031895,1.8701140719953038,9.842705642080546
92,5,12,-192.0,-256.0,-1.0105263157894737,-1.3473684210526315,-0.045623779296875,0.68243408203125,-0.24012515419407895,3.591758326480263,0.003946088985713914,-0.013064407543453171,0.008505248264583543,320.0,1.6842105263157894,-126.86989764584402,-0.5185729980468751,-0.4459594726562499,-2.7293315686677633,-2.3471551192434204,0.6839574588782293,3.5997760993591017
93,5,13,-192.0,-320.0,-1.0105263157894737,-1.6842105263157894,0.54156494140625,0.191650390625,2.8503417968749996,1.0086862664473684,0.00606407923865504,-0.010960958434822032,0.008512518836738536,373.18092127009925,1.9641101119478908,-120.96375653207352,-0.4429717178128558,0.36578479356719806,-2.3314300937518726,1.9251831240378845,0.5744758114899792,3.0235569025788376
94,5,14,-192.0,-384.0,-1.0105263157894737,-2.0210526315789474,0.419891357421875,-0.710693359375,2.2099545127467106,-3.7404913651315788,0.005526646838035276,-0.011746272311057737,0.008636459574546507,429.32505167995964,2.2596055351576823,-116.56505117707799,0.44788234141608024,0.6933939798880269,2.3572754811372643,3.649441999410668,0.8254658097688284,4.344556893520149
95,5,15,-192.0,-448.0,-1.0105263157894737,-2.357894736842105,0.30462646484375,-1.30126953125,1.6032971833881577,-6.848787006578947,0.0027106684839282025,-3.663936809061852e-06,0.0013571662103686322,487.40947877529015,2.565313046185737,-113.1985905136482,1.0760571790024636,0.792591082185546,5.663458836855071,4.171532011502873,1.336450401639655,7.033949482313973
96,6,0,-128.0,512.0,-0.6736842105263158,2.694736842105263,0.243316650390625,-1.226161003112793,1.280613949424342,-6.453478963751541,-8.487341210638988e-05,-3.6020537663716823e-09,-4.243490502631175e-05,527.7575200790606,2.777671158310845,104.03624346792648,-1.2485638570247901,0.0613359017481897,-6.571388721183106,0.3228205355167879,1.2500695172316956,6.579313248587871
97,6,1,-128.0,448.0,-0.6736842105263158,2.357894736842105,0.2596435546875,-1.5355224609375,1.3665450246710527,-8.081697162828947,-5.243118296968663e-05,0.008451403634656546,-0.004251917408813116,465.92703291395316,2.452247541652385,105.94539590092286,-1.5477711885268113,0.1721869666978867,-8.146164150141113,0.906247193146772,1.557319493082366,8.19641838464403
98,6,2,-128.0,384.0,-0.6736842105263158,2.0210526315789474,-0.5849609375,-0.1397705078125,-3.0787417763157894,-0.7356342516447368,-0.008028876889476066,0.022423994649180656,-0.015226435769328361,404.7715405015526,2.13037652895554,108.43494882292201,0.05238294415098249,0.5991419868588064,0.2756997060578026,3.153378878204244,0.6014275461392196,3.1654081375748397
99,6,3,-128.0,320.0,-0.6736842105263158,1.6842105263157894,-1.163818359375,1.3722076416015625,-6.12535978618421,7.222145482113486,2.5513624279938085e-06,0.02164704771288939,-0.010822248175230698,344.65054765660824,1.813950250824254,111.80140948635182,1.7062940979232892,0.5709530949913376,8.980495252227838,3.0050162894280925,1.7992851317365013,9.469921745981585
100,6,4,-128.0,256.0,-0.6736842105263158,1.3473684210526315,-1.282379150390625,2.661712646484375,-6.749363949424342,14.009013928865132,0.00789971191381511,0.016665865593203932,-0.004383076839694411,286.2167011199731,1.5064036901051214,116.56505117707799,2.9542055562843443,-0.04335930154124057,15.54845029623339,-0.2282068502170556,2.9545237345148263,15.550124918499087
101,6,5,-128.0,192.0,-0.6736842105263158,1.0105263157894737,-2.207733154296875,3.52740478515625,-11.619648180509868,18.56528834292763,0.00767860878755755,0.0017646742934971371,0.0029569672470302066,230.7552816296953,1.2145014822615543,123.69006752597979,4.159608203639396,-0.11970710563985221,21.892674755996822,-0.6300373981044853,4.1613303400384885,21.901738631781516
102,6,6,-128.0,128.0,-0.6736842105263158,0.6736842105263158,-1.5616455078125,2.89154052734375,-8.219186883223683,15.21863435444079,0.004125839148002797,-0.0017702635864793592,0.002948051367241078,181.01933598375618,0.9527333472829271,135.0,3.1488780433442196,-0.9403777865767626,16.57304233339063,-4.949356771456645,3.2862962911676625,17.296296269303486
103,6,7,-128.0,64.0,-0.6736842105263158,0.3368421052631579,-1.416778564453125,3.302093505859375,-7.456729286595395,17.379439504523027,0.0044883959712933574,0.0013089901981402363,0.0015897028865765606,143.10835055998655,0.7532018450525607,153.434948822922,2.743946381105135,-2.3198795830285137,14.441823058448078,-12.209892542255334,3.5931995522281412,18.91157659067443
104,6,8,-128.0,0.0,-0.6736842105263158,0.0,-1.042755126953125,3.06048583984375,-5.4881848787006575,16.10782020970395,0.0038724937831204898,-0.0047663250361722476,0.004319409409646369,128.0,0.6736842105263158,180.0,1.0427551269531254,-3.06048583984375,5.48818487870066,-16.10782020970395,3.2332509693296516,17.017110364892904
105,6,9,-128.0,-64.0,-0.6736842105263158,-0.3368421052631579,-0.877044677734375,2.69439697265625,-4.616024619654605,14.18103669819079,0.0012763960427264465,-0.004907511002443243,0.003091953522584845,143.10835055998655,0.7532018450525607,-153.434948822922,-0.42051835035842045,-2.802168219435299,-2.2132544755706336,-14.748253786501571,2.833545908045493,14.91339951602891
106,6,10,-128.0,-128.0,-0.6736842105263158,-0.6736842105263158,-0.760772705078125,2.4339599609375,-4.004066868832237,12.810315583881579,0.0025368316636615873,-0.005452452467494595,0.003994642065578091,181.01933598375618,0.9527333472829271,-135.0,-1.1831220548130752,-2.259017132217826,-6.226958183226711,-11.889563853778032,2.550085528024259,13.421502779075048
107,6,11,-128.0,-192.0,-0.6736842105263158,-1.0105263157894737,0.20440673828125,1.998779296875,1.0758249383223684,10.51989103618421,-0.0030095650770363136,-0.010375253953725405,0.0036828444383445458,230.7552816296953,1.2145014822615543,-123.69006752597979,-1.7764693601156005,-0.938646581435935,-9.34983873745053,-4.940245165452289,2.0092040195736467,10.574757997756034
108,6,12,-128.0,-256.0,-0.6736842105263158,-1.3473684210526315,0.571136474609375,1.11334228515625,3.0059814453125,5.8596962376644735,0.007089174389221853,-0.014807022213318533,0.010948098301270193,286.2167011199731,1.5064036901051214,-116.56505117707799,-1.251223609064961,0.012938186295592069,-6.585387416131374,0.06809571734522141,1.2512905004618895,6.585739476115207
109,6,13,-128.0,-320.0,-0.6736842105263158,-1.6842105263157894,0.7677001953125,0.120361328125,4.04052734375,0.6334806743421052,0.0029684197445476457,-0.011087049200114052,0.007027734472330849,344.65054765660824,1.813950250824254,-111.80140948635182,-0.39686938242234177,0.6680906618764954,-2.088786223275483,3.5162666414552386,0.7770781422681149,4.089884959305867
110,6,14,-128.0,-384.0,-0.6736842105263158,-2.0210526315789474,0.85137939453125,-0.2974853515625,4.480944181743421,-1.5657123766447367,0.003746391209375588,-0.010014177235376565,0.006880284222376076,404.7715405015526,2.13037652895554,-108.43494882292201,0.012989580476643892,0.9017625400434989,0.06836621303496784,4.746118631807889,0.9018560904194538,4.7466110022076515
111,6,15,-128.0,-448.0,-0.6736842105263158,-2.357894736842105,0.61517333984375,-1.15423583984375,3.2377544202302633,-6.074925472861842,0.00285029154122185,-4.050543907396786e-06,0.0014271710425646233,465.92703291395316,2.452247541652385,-105.94539590092286,0.9408242874608114,0.9085968699914047,4.951706776109534,4.782088789428446,1.3079367767726087,6.883877772487414
112,7,0,-64.0,512.0,-0.3368421052631579,2.694736842105263,0.2569580078125,-1.2213420867919922,1.3524105674342106,-6.428116246273643,-8.844938085417198e-05,-3.911992507710238e-09,-4.4222734430832134e-05,515.9844958911071,2.71570787311109,97.1250163489018,-1.243782450922593,-0.10348490481888681,-6.5462234259083845,-0.5446573937836148,1.2480800898774032,6.568842578302122
113,7,1,-64.0,448.0,-0.3368421052631579,2.357894736842105,0.1983642578125,-1.3113174438476562,1.0440224095394737,-6.901670757092928,-0.0013393976598975454,0.015285439124703148,-0.008312418392300347,452.54833995939043,2.381833368207318,98.13010235415598,-1.3261909819348936,-0.010922305215379957,-6.9799525364994395,-0.05748581692305241,1.3262359583862349,6.980189254664394
114,7,2,-64.0,384.0,-0.3368421052631579,2.0210526315789474,-0.77288818359375,0.750518798828125,-4.067832545230263,3.9500989412006584,-0.0004694575795394229,0.027385305834696894,-0.013927381707118158,389.29680193908604,2.048930536521506,99.46232220802563,0.8673692175689511,0.6389876776175604,4.565101145099742,3.363093040092423,1.0773275322450726,5.670144906553014
115,7,3,-64.0,320.0,-0.3368421052631579,1.6842105263157894,-0.5272216796875,2.243408203125,-2.774850945723684,11.807411595394738,0.006053700273270124,0.016617283994918353,-0.005281791860824114,326.3372488699382,1.7175644677365167,101.30993247402021,2.3032394098522397,0.07701484457269736,12.122312683432842,0.40534128722472296,2.3045266467066616,12.129087614245586
116,7,4,-64.0,256.0,-0.3368421052631579,1.3473684210526315,-0.59576416015625,2.89776611328125,-3.1356008429276314,15.251400596217104,0.00840384740791933,0.008148124027627546,0.00012786169014589177,263.8787600395303,1.3888355791554226,104.03624346792648,2.955740094932835,-0.124835383662805,15.556526815435973,-0.6570283350673948,2.958375125268566,15.570395396150346
117,7,5,-64.0,192.0,-0.3368421052631579,1.0105263157894737,-1.0391845703125,3.295135498046875,-5.469392475328947,17.342818410773027,0.014308594322443469,0.0002590192792411017,0.0070247875216011835,202.3857702507763,1.06518826447777,108.43494882292201,3.454659026959521,-0.05615629182287507,18.182415931365902,-0.29555943064671086,3.4551154136532403,18.184817966596
118,7,6,-64.0,128.0,-0.3368421052631579,0.6736842105263158,-1.26715087890625,2.94384765625,-6.669215152138158,15.493935032894736,0.004187737563484006,-0.00010553465210705326,0.00214663610779553,143.10835055998655,0.7532018450525607,116.56505117707799,3.1997444905079693,-0.18315449376249493,16.840760476357733,-0.9639710198026049,3.204982117441765,16.868326933904026
119,7,7,-64.0,64.0,-0.3368421052631579,0.3368421052631579,-1.0184326171875,3.282745361328125,-5.360171669407895,17.277607164884866,0.004116997400984701,0.001618638356461588,0.0012491795222615565,90.50966799187809,0.47636667364146357,135.0,3.0413921156986445,-1.6011108961089557,16.007326924729707,-8.426899453205031,3.4370950093171273,18.089973733248037
120,7,8,-64.0,0.0,-0.3368421052631579,0.0,-0.8546142578125,3.15228271484375,-4.497969777960526,16.590961657072366,0.0011901667583629205,-0.003789406107728155,0.0024897864330455377,64.0,0.3368421052631579,180.0,0.8546142578125003,-3.15228271484375,4.497969777960527,-16.590961657072366,3.2660759090932183,17.18987320575378
121,7,9,-64.0,-64.0,-0.3368421052631579,-0.3368421052631579,-0.6514892578125,2.7987060546875,-3.428890830592105,14.730031866776315,0.001893967936126728,-0.004967898676483173,0.0034309333063049507,90.50966799187809,0.47636667364146357,-135.0,-1.5183115577479702,-2.4396565018867893,-7.9911134618314215,-12.840297378351522,2.873533336084611,15.123859663603216
122,7,10,-64.0,-128.0,-0.3368421052631579,-0.6736842105263158,-0.36236572265625,2.5181884765625,-1.907188013980263,13.253623560855262,0.004184608019414782,-0.006880406893316149,0.005532507456365465,143.10835055998655,0.7532018450525607,-116.56505117707799,-2.0902813677851118,-1.4502778781801613,-11.001480883079536,-7.633041464106112,2.5441269859125253,13.390142031118554
123,7,11,-64.0,-192.0,-0.3368421052631579,-1.0105263157894737,-0.13421630859375,1.922119140625,-0.7064016241776315,10.116416529605264,-0.0002846540131713482,-0.014247912057385292,0.006981629022106972,202.3857702507763,1.06518826447777,-108.43494882292201,-1.7810394021445166,-0.7351562121469322,-9.373891590234297,-3.869243221825959,1.9267994208659918,10.14104958350522
124,7,12,-64.0,-256.0,-0.3368421052631579,-1.3473684210526315,0.84490966796875,0.707275390625,4.44689298930921,3.7225020559210527,-0.0013184965742709664,-0.014962392936837432,0.006821948181283233,263.8787600395303,1.3888355791554226,-104.03624346792648,-0.8910786101722451,0.6481432987421145,-4.689887421959185,3.4112805196953393,1.1018669725564922,5.799299855560485
125,7,13,-64.0,-320.0,-0.3368421052631579,-1.6842105263157894,0.9132080078125,0.02117919921875,4.806357935855263,0.11146946957236842,0.0035024923790842877,-0.00914252228631085,0.006322507332697569,326.3372488699382,1.7175644677365167,-101.30993247402021,-0.19986273854994263,0.8913205426510374,-1.051909150262856,4.691160750794934,0.9134535697080737,4.807650366884598
126,7,14,-64.0,-384.0,-0.3368421052631579,-2.0210526315789474,0.8922119140625,-0.4569091796875,4.695852179276316,-2.40478515625,0.001672801826543946,-0.009009418342657227,0.0053411100846005866,389.29680193908604,2.048930536521506,-99.46232220802563,0.30401370345322964,0.9551878172330434,1.6000721234380506,5.027304301226543,1.0024011662392327,5.275795611785435
127,7,15,-64.0,-448.0,-0.3368421052631579,-2.357894736842105,0.6689453125,-1.126708984375,3.5207648026315788,-5.930047286184211,0.0028445532253726924,-4.0342739566767705e-06,0.0014242937496646846,452.54833995939043,2.381833368207318,-98.13010235415598,1.0207818352431777,0.8215627860514599,5.3725359749640935,4.324014663428737,1.3103285719952331,6.896466168395963
128,8,0,0.0,512.0,0.0,2.694736842105263,0.23199462890625,-1.303884506225586,1.2210243626644737,-6.862550032766241,-0.0001525762490928173,-1.1641532182693481e-08,-7.62823037803173e-05,512.0,2.694736842105263,90.0,-1.303884506225586,-0.23199462890625008,-6.862550032766241,-1.221024362664474,1.32436260647018,6.970329507737788
129,8,1,0.0,448.0,0.0,2.357894736842105,0.0728759765625,-1.1761322021484375,0.3835577713815789,-6.1901694849917765,0.000508519710421429,0.01551146536934389,-0.007501472829461231,448.0,2.357894736842105,90.0,-1.1761322021484375,-0.07287597656250007,-6.1901694849917765,-0.3835577713815793,1.1783878244832942,6.202041181491022
130,8,2,0.0,384.0,0.0,2.0210526315789474,-0.6944580078125,0.697235107421875,-3.655042146381579,3.6696584601151314,0.007417347230699534,0.02799424906751824,-0.010288450918409353,384.0,2.0210526315789474,90.0,0.697235107421875,0.6944580078125,3.6696584601151314,3.655042146381579,0.9840775983816011,5.179355780955796
131,8,3,0.0,320.0,0.0,1.6842105263157894,-0.4091796875,2.4619598388671875,-2.1535773026315788,12.957683362458882,0.0010644188893138562,0.02057969655868419,-0.009757638834685167,320.0,1.6842105263157894,90.0,2.4619598388671875,0.40917968750000017,12.957683362458882,2.1535773026315796,2.4957312084552585,13.135427412922413
132,8,4,0.0,256.0,0.0,1.3473684210526315,-0.2154541015625,3.359161376953125,-1.133968955592105,17.67979672080592,0.0070788057784128,0.005602320816130657,0.0007382424811410715,256.0,1.3473684210526315,90.0,3.359161376953125,0.2154541015625002,17.67979672080592,1.1339689555921062,3.366063817917557,17.716125357460825
133,8,5,0.0,192.0,0.0,1.0105263157894737,-0.38916015625,3.18426513671875,-2.04821134868421,16.75929019325658,0.008488505336032404,-0.0034051828110079896,0.005946844073520197,192.0,1.0105263157894737,90.0,3.18426513671875,0.3891601562500002,16.75929019325658,2.0482113486842115,3.207957307717016,16.883985830089557
134,8,6,0.0,128.0,0.0,0.6736842105263158,-1.0267333984375,2.9285888671875,-5.403859991776316,15.413625616776317,0.007917992588886591,-0.00012599658668932534,0.004021994587787958,128.0,0.6736842105263158,90.0,2.9285888671875,1.0267333984375002,15.413625616776317,5.403859991776317,3.103355317149743,16.333449037630224
135,8,7,0.0,64.0,0.0,0.3368421052631579,-0.89105224609375,3.172119140625,-4.689748663651316,16.695363898026315,0.006064829615070266,0.001821103307293015,0.0021218631538886257,64.0,0.3368421052631579,90.0,3.172119140625,0.8910522460937502,16.695363898026315,4.689748663651317,3.2948920995365243,17.341537365981708
136,8,8,0.0,0.0,0.0,0.0,-0.89141845703125,3.16424560546875,-4.6916760896381575,16.653924239309212,0.004237067013605156,-0.00017298391423992143,0.0022050254639225386,0.0,0.0,0.0,-0.89141845703125,3.16424560546875,-4.6916760896381575,16.653924239309212,3.2874119177955583,17.302167988397677
137,8,9,0.0,-64.0,0.0,-0.3368421052631579,-0.63641357421875,3.151123046875,-3.3495451274671053,16.58485814144737,0.00030227277432004485,-0.006917434670071998,0.0036098537221960214,64.0,0.3368421052631579,-90.0,-3.151123046875,-0.6364135742187498,-16.58485814144737,-3.349545127467104,3.21474706532204,16.91972139643179
138,8,10,0.0,-128.0,0.0,-0.6736842105263158,-0.229248046875,2.2818603515625,-1.2065686677631577,12.009791324013158,-0.0002619554647935729,-0.012213058268116583,0.005975551401661505,128.0,0.6736842105263158,-90.0,-2.2818603515625,-0.22924804687499986,-12.009791324013158,-1.206568667763157,2.2933471893782107,12.070248365148478
139,8,11,0.0,-192.0,0.0,-1.0105263157894737,0.1551513671875,1.5972900390625,0.8165861430921052,8.406789679276315,0.0008496359243963525,-0.013914020384845571,0.007381828154620962,192.0,1.0105263157894737,-90.0,-1.5972900390625,0.1551513671875001,-8.406789679276315,0.8165861430921059,1.6048075945821147,8.446355760958498
140,8,12,0.0,-256.0,0.0,-1.3473684210526315,0.38812255859375,0.51312255859375,2.042750308388158,2.700645045230263,0.0009913195292483579,-0.012548898569775702,0.00677010904951203,256.0,1.3473684210526315,-90.0,-0.51312255859375,0.38812255859375006,-2.700645045230263,2.0427503083881584,0.6433769351065947,3.3861943952978666
141,8,13,0.0,-320.0,0.0,-1.6842105263157894,1.2099609375,0.00103759765625,6.368215460526316,0.0054610402960526315,0.0008177318889011076,-0.007672742875229233,0.00424523738206517,320.0,1.6842105263157894,-90.0,-0.0010375976562499258,1.2099609375,-0.005461040296052241,6.368215460526316,1.2099613823939899,6.36821780207363
142,8,14,0.0,-384.0,0.0,-2.0210526315789474,1.0601806640625,-0.4652099609375,5.579898231907895,-2.448473478618421,0.0007305553787091412,-0.009892027699265782,0.0053112915389874615,384.0,2.0210526315789474,-90.0,0.46520996093750006,1.0601806640625,2.4484734786184212,5.579898231907895,1.1577578970611575,6.093462616111355
143,8,15,0.0,-448.0,0.0,-2.357894736842105,0.978759765625,-1.2589111328125,5.151367187499999,-6.625848067434211,-0.0009260654022682502,-4.291961204216932e-07,-0.00046281810307391424,448.0,2.357894736842105,-90.0,1.2589111328125,0.9787597656249999,6.625848067434211,5.151367187499999,1.5946246953830725,8.39276155464775
144,9,0,64.0,512.0,0.3368421052631579,2.694736842105263,0.2374267578125,-1.3002653121948242,1.2496145148026316,-6.8435016431306535,-1.9073468138230965e-06,-1.8189894035458565e-12,-9.536724974168465e-07,515.9844958911071,2.71570787311109,82.8749836510982,-1.2607753382594646,-0.3968713820108368,-6.635659675049814,-2.088796747425457,1.3217644825847226,6.956655171498539
145,9,1,64.0,448.0,0.3368421052631579,2.357894736842105,0.247802734375,-1.1668853759765625,1.304224917763158,-6.141501978824013,0.0012195275081492707,0.007964259301295157,-0.003372365896572943,452.54833995939043,2.381833368207318,81.86989764584403,-1.1201129883339918,-0.41033470386647175,-5.895331517547325,-2.159656336139325,1.1929072368929994,6.278459141542102
146,9,2,64.0,384.0,0.3368421052631579,2.0210526315789474,0.1217041015625,-0.2766571044921875,0.6405479029605263,-1.456090023643092,0.010233257741674606,0.01981511261965352,-0.004790927438989456,389.29680193908604,2.048930536521506,80.53767779197439,-0.2528848558083049,-0.16553033409604812,-1.3309729253068678,-0.8712122847160427,0.30224334864995206,1.590754466578695
147,9,3,64.0,320.0,0.3368421052631579,1.6842105263157894,-0.418701171875,1.4015960693359375,-2.2036903782894735,7.376821417557565,-0.004134343825903386,0.024181174003210515,-0.01415775891455695,326.3372488699382,1.7175644677365167,78.69006752597979,1.2922639651092178,0.6854458821728018,6.8013892900485144,3.6076099061726405,1.4627994438430199,7.6989444412790515
148,9,4,64.0,256.0,0.3368421052631579,1.3473684210526315,0.30511474609375,2.858184814453125,1.6058670847039473,15.04307797080592,0.005437803792297302,0.012486862612426819,-0.0035245294100647584,263.8787600395303,1.3888355791554226,75.96375653207353,2.846847757422626,0.3972068578361451,14.983409249592768,2.0905624096639217,2.874424367043652,15.128549300229745
149,9,5,64.0,192.0,0.3368421052631579,1.0105263157894737,0.04205322265625,3.011871337890625,0.22133275082236842,15.851954409950658,0.0057855670861499675,-0.0015083377770679363,0.003646952431608952,202.3857702507763,1.06518826447777,71.56505117707799,2.870610430788286,0.9125421547481134,15.108475951517295,4.802853446042702,3.01216490742835,15.85349951278079
150,9,6,64.0,128.0,0.3368421052631579,0.6736842105263158,-0.25762939453125,2.667388916015625,-1.355944181743421,14.038889031661185,0.008879729938399805,-0.002048799228560938,0.005464264583480372,143.10835055998655,0.7532018450525607,63.43494882292201,2.2705698076213685,1.423323323397678,11.950367408533518,7.491175386303569,2.679801584858392,14.104218867675746
151,9,7,64.0,64.0,0.3368421052631579,0.3368421052631579,-0.24468994140625,2.7548828125,-1.2878417968749998,14.499383223684209,0.0068421504804803135,0.0014531471422003506,0.0026945016691399815,90.50966799187809,0.47636667364146357,45.0,1.7749744012365196,2.1210182349495166,9.341970532823787,11.16325386815535,2.76572820031783,14.556464212199105
152,9,8,64.0,0.0,0.3368421052631579,0.0,-0.31341552734375,2.85650634765625,-1.6495554070723684,15.034243935032894,0.0046019563833397115,-0.000937939659706899,0.002769948021523305,64.0,0.3368421052631579,0.0,-0.31341552734375,2.85650634765625,-1.6495554070723684,15.034243935032894,2.8736488663336393,15.12446771754547
153,9,9,64.0,-64.0,0.3368421052631579,-0.3368421052631579,-0.6158447265625,2.63623046875,-3.2412880345394735,13.874897203947368,0.002196266469127295,-0.004888489064342139,0.0035423777667347167,90.50966799187809,0.47636667364146357,-45.0,-2.2995644235340347,1.428628458913397,-12.102970650179131,7.519097152175774,2.707208121220215,14.248463795895868
154,9,10,64.0,-128.0,0.3368421052631579,-0.6736842105263158,-0.40533447265625,2.23260498046875,-2.1333393297697367,11.750552528782896,-0.0006292655168635974,-0.01246086815012859,0.005915801316632496,143.10835055998655,0.7532018450525607,-63.43494882292201,-2.178173688189767,0.6359091268531814,-11.464072043104036,3.3468901413325334,2.2691013713665127,11.942638796665857
155,9,11,64.0,-192.0,0.3368421052631579,-1.0105263157894737,-0.0377197265625,1.05108642578125,-0.19852487664473684,5.532033819901316,-0.0007869806045164296,-0.01246050932468279,0.00583676436008318,202.3857702507763,1.06518826447777,-71.56505117707799,-1.0090761618119082,0.29659863771855155,-5.310927167431096,1.561045461676587,1.0517630209479476,5.535594847094461
156,9,12,64.0,-256.0,0.3368421052631579,-1.3473684210526315,0.9617919921875,0.64752197265625,5.062063116776316,3.408010382401316,0.0012458595562065966,-0.0058916839885796435,0.00356877177239312,263.8787600395303,1.3888355791554226,-75.96375653207353,-0.3949197634716365,1.0901224342834837,-2.07852507090335,5.737486496228861,1.1594518279379447,6.102378041778656
157,9,13,64.0,-320.0,0.3368421052631579,-1.6842105263157894,1.01409912109375,0.29925537109375,5.337363795230263,1.5750282689144737,0.0018724441802078218,-0.0042861938750320405,0.003079319027619931,326.3372488699382,1.7175644677365167,-78.69006752597979,-0.09456283371531093,1.0530948081779268,-0.4976991248174259,5.542604253568036,1.0573319273206376,5.564904880634935
158,9,14,64.0,-384.0,0.3368421052631579,-2.0210526315789474,0.9794921875,0.10028076171875,5.155222039473684,0.5277934827302632,0.004137935567655404,-0.008404197622098764,0.006271066594877084,389.29680193908604,2.048930536521506,-80.53767779197439,0.062111189661875024,0.9826511978638272,0.32690099822039487,5.171848409809616,0.9846121960164965,5.182169452718403
159,9,15,64.0,-448.0,0.3368421052631579,-2.357894736842105,0.55035400390625,-0.77093505859375,2.8966000205592106,-4.057552939967105,-0.0006630605165582892,-2.1997050225763815e-07,-0.0003314202730280158,452.54833995939043,2.381833368207318,-81.86989764584403,0.8410185805435798,0.4357959859441703,4.426413581808315,2.2936630839166856,0.9472224628800721,4.985381383579327
160,10,0,128.0,512.0,0.6736842105263158,2.694736842105263,0.23175048828125,-1.2050790786743164,1.219739412006579,-6.342521466706929,-8.583032013120828e-06,-3.6834535421803594e-11,-4.291497589292703e-06,527.7575200790606,2.777671158310845,75.96375653207353,-1.112890680730166,-0.5171056056755567,-5.857319372264031,-2.721608450923983,1.2271609000767327,6.458741579351225
161,10,1,128.0,448.0,0.6736842105263158,2.357894736842105,0.22479248046875,-1.2965164184570312,1.183118318256579,-6.823770623458059,-0.00025970476653111585,0.006968334195871478,-0.003614019481201297,465.92703291395316,2.452247541652385,74.05460409907715,-1.1848763410787218,-0.5723238060362696,-6.236191268835378,-3.0122305580856295,1.3158595983629642,6.925576833489285
162,10,2,128.0,384.0,0.6736842105263158,2.0210526315789474,0.583251953125,-0.30999755859375,3.069747121710526,-1.631566097861842,0.002254488668670618,-0.0008136655905151002,0.001534077129592859,404.7715405015526,2.13037652895554,71.56505117707799,-0.10964904411264989,-0.6513512219098041,-0.5771002321718415,-3.4281643258410743,0.6605159552639229,3.476399764546963
163,10,3,128.0,320.0,0.6736842105263158,1.6842105263157894,-0.97802734375,-1.400299072265625,-5.147512335526316,-7.3699951171875,-0.003098214519809517,0.02124615992386225,-0.012172187221835884,344.65054765660824,1.813950250824254,68.19859051364818,-1.6633752855550061,0.3880175721735455,-8.754606766078979,2.0421977482818185,1.7080324870770611,8.989644668826639
164,10,4,128.0,256.0,0.6736842105263158,1.3473684210526315,0.4686279296875,2.43975830078125,2.4664627878289473,12.840833162006579,-0.0011700648308021755,0.03182282629015276,-0.01649644556047747,286.2167011199731,1.5064036901051214,63.43494882292201,2.39176294507375,0.6719395190687543,12.588226026703946,3.536523784572391,2.4843576036300017,13.075566334894745
165,10,5,128.0,192.0,0.6736842105263158,1.0105263157894737,0.34912109375,2.74017333984375,1.8374794407894737,14.421964946546053,0.0009210887707240545,0.002132099553250555,-0.0006055053912632502,230.7552816296953,1.2145014822615543,56.309932474020215,2.4736195731631963,1.2294883804882324,13.019050385069454,6.470991476253855,2.7623242877134553,14.538548882702395
166,10,6,128.0,128.0,0.6736842105263158,0.6736842105263158,0.1046142578125,2.7130126953125,0.5506013569078947,14.279014185855264,0.004001029027818959,-0.002608902944444935,0.003304965986131947,181.01933598375618,0.9527333472829271,45.0,1.9923631254086778,1.844416223192645,10.486121712677251,9.70745380627708,2.715028918421396,14.2896258864284
167,10,7,128.0,64.0,0.6736842105263158,0.3368421052631579,-0.01837158203125,2.407684326171875,-0.09669253700657895,12.672022769325658,0.003584219496701735,-0.004416300337766188,0.0040002599172339615,143.10835055998655,0.7532018450525607,26.56505117707799,1.0603171218257823,2.161714349927653,5.580616430662012,11.377443946987647,2.4077544163639377,12.672391665073356
168,10,8,128.0,0.0,0.6736842105263158,0.0,-0.30377197265625,2.1497802734375,-1.598799856085526,11.314633018092104,0.0010654359162174387,-0.0029673009217106028,0.0020163684189640207,128.0,0.6736842105263158,0.0,-0.30377197265625,2.1497802734375,-1.598799856085526,11.314633018092104,2.171136254460434,11.42703291821281
169,10,9,128.0,-64.0,0.6736842105263158,-0.3368421052631579,-0.35711669921875,2.02850341796875,-1.8795615748355263,10.676333778782894,0.002703984777781443,-0.005464871923777537,0.00408442835077949,143.10835055998655,0.7532018450525607,-26.56505117707799,-1.2265891931751471,1.6546411709968232,-6.455732595658668,8.708637742088543,2.059698631735186,10.840519114395715
170,10,10,128.0,-128.0,0.6736842105263158,-0.6736842105263158,-0.31964111328125,1.45263671875,-1.6823216488486843,7.645456414473684,0.0002936123514700739,-0.009896159043364605,0.0050948856974173395,181.01933598375618,0.9527333472829271,-45.0,-1.2531896731758898,0.8011488756815114,-6.595735121978367,4.216573029902692,1.4873882741101745,7.82835933742197
171,10,11,128.0,-192.0,0.6736842105263158,-1.0105263157894737,0.0445556640625,0.76800537109375,0.23450349506578946,4.042133532072369,0.005033332437164972,-0.00819142493594427,0.006612378686554621,230.7552816296953,1.2145014822615543,-56.309932474020215,-0.6143040594731854,0.46308528344535427,-3.2331792603851865,2.4372909655018646,0.7692967289862209,4.048930152559057
172,10,12,128.0,-256.0,0.6736842105263158,-1.3473684210526315,0.5452880859375,0.40997314453125,2.8699372944078947,2.1577533922697367,0.001740805656709199,-0.0034717245409865427,0.002606265098847871,286.2167011199731,1.5064036901051214,-63.43494882292201,-0.122830882553089,0.6710660550150431,-0.6464783292267842,3.531926605342332,0.6822148311948544,3.5906043747097596
173,10,13,128.0,-320.0,0.6736842105263158,-1.6842105263157894,1.4482421875,0.3245849609375,7.622327302631579,1.7083418996710527,0.003880896089867747,-0.0035547394736568094,0.003717817781762278,344.65054765660824,1.813950250824254,-68.19859051364818,0.23649407509780057,1.465206942027378,1.2447056584094767,7.7116154843546205,1.4841700813995624,7.811421481050329
174,10,14,128.0,-384.0,0.6736842105263158,-2.0210526315789474,1.58428955078125,-0.04327392578125,8.338366056743421,-0.2277575041118421,0.0026199132416877546,-0.010644128939929942,0.006632021090808848,404.7715405015526,2.13037652895554,-71.56505117707799,0.5420495959971238,1.4893046192255401,2.852892610511178,7.838445364344948,1.5848804413479194,8.341476007094311
175,10,15,128.0,-448.0,0.6736842105263158,-2.357894736842105,0.89385986328125,-1.0302734375,4.704525596217105,-5.422491776315789,-0.001832710049598063,-1.6824980093588238e-06,-0.0009155137757943521,465.92703291395316,2.452247541652385,-74.05460409907715,1.236194772597302,0.5764297835871652,6.506288276827905,3.033840966248238,1.3639827019442883,7.17885632602257
176,11,0,192.0,512.0,1.0105263157894737,2.694736842105263,0.236328125,-1.3174457550048828,1.2438322368421053,-6.933925026341488,6.056015274680249e-05,-1.833655005611945e-09,3.028099320090405e-05,546.816239700322,2.877980208949063,69.44395478041653,-1.150582555681419,-0.683867006521016,-6.055697661481154,-3.5993000343211365,1.3384746168853563,7.044603246765033
177,11,1,192.0,448.0,1.0105263157894737,2.357894736842105,0.21142578125,-1.3665924072265625,1.112767269736842,-7.1925916169819075,0.00032105938657001065,0.005173430879276242,-0.0024261857463531156,487.40947877529015,2.565313046185737,66.80140948635182,-1.1728119237111563,-0.7326580785519264,-6.172694335321875,-3.8560951502732967,1.3828505589782518,7.278160836727641
178,11,2,192.0,384.0,1.0105263157894737,2.0210526315789474,0.409912109375,-0.6535186767578125,2.157432154605263,-3.4395719829358553,-0.002066586100220036,-0.0036019348272091634,0.0007676743634945637,429.32505167995964,2.2596055351576823,63.43494882292201,-0.4012066060459064,-0.6588989737043677,-2.1116137160310866,-3.4678893352861455,0.7714367104847579,4.060193213077673
179,11,3,192.0,320.0,1.0105263157894737,1.6842105263157894,-0.84552001953125,-1.8265380859375,-4.450105365953947,-9.613358347039474,0.01191226379587107,0.012685500219326684,-0.0003866182117278072,373.18092127009925,1.9641101119478908,59.03624346792648,-2.001259948413765,-0.21471865704518323,-10.532947096914551,-1.1300981949746485,2.0127457571209413,10.593398721689164
180,11,4,192.0,256.0,1.0105263157894737,1.3473684210526315,0.08819580078125,0.9896240234375,0.4641884251644737,5.208547491776316,0.0002716719013733382,0.030992633213372756,-0.015360480655999709,320.0,1.6842105263157894,53.13010235415598,0.8446166992187499,0.5232177734375001,4.445351048519736,2.753777754934211,0.9935462782578733,5.229190938199333
181,11,5,192.0,192.0,1.0105263157894737,1.0105263157894737,0.15960693359375,2.2039794921875,0.8400364925986842,11.599892064144736,0.0023173237733828955,0.009288654238702065,-0.003485665232659585,271.5290039756342,1.429100020924391,45.0,1.6713079895903962,1.445589699453333,8.796357839949453,7.608366839228069,2.209751111603809,11.6302690084411
182,11,6,192.0,128.0,1.0105263157894737,0.6736842105263158,0.2530517578125,2.184478759765625,1.3318513569078947,11.497256630345396,0.006787322156242226,-0.004078887097648476,0.005433104626945351,230.7552816296953,1.2145014822615543,33.690067525979785,1.4222825862624364,1.6772283353240232,7.485697822433876,8.827517554336964,2.1990867750043788,11.574140921075678
183,11,7,192.0,64.0,1.0105263157894737,0.3368421052631579,0.2120361328125,1.68585205078125,1.115979646381579,8.872905530427632,0.004709360473754032,-0.00730311619579993,0.006006238334776981,202.3857702507763,1.06518826447777,18.43494882292201,0.7342683656358988,1.532287970966232,3.864570345452099,8.06467353140122,1.6991340320120207,8.942810694800109
184,11,8,192.0,0.0,1.0105263157894737,0.0,-0.17767333984375,1.25445556640625,-0.9351228412828947,6.602397717927632,0.005877502300450033,-0.0027918890497176108,0.004334695675083822,192.0,1.0105263157894737,0.0,-0.17767333984375,1.25445556640625,-0.9351228412828947,6.602397717927632,1.2669753682605114,6.668291411897428
185,11,9,192.0,-64.0,1.0105263157894737,-0.3368421052631579,-0.2720947265625,1.3311767578125,-1.4320775082236843,7.006193462171052,-9.935291507190414e-05,-0.0036118706872230177,0.0017562588860755568,202.3857702507763,1.06518826447777,-18.43494882292201,-0.6790867748740494,1.1768212493639307,-3.574140920389734,6.193796049283846,1.3587005191591417,7.151055363995482
186,11,10,192.0,-128.0,1.0105263157894737,-0.6736842105263158,-0.37396240234375,0.79296875,-1.9682231702302633,4.173519736842105,0.004376307858933615,-0.01007784975956838,0.0072270788092509974,230.7552816296953,1.2145014822615543,-33.690067525979785,-0.7510154481668789,0.4523528638772758,-3.952712885088836,2.3808045467225045,0.8767253371742323,4.61434387986438
187,11,11,192.0,-192.0,1.0105263157894737,-1.0105263157894737,0.6007080078125,0.048828125,3.16162109375,0.25699013157894735,0.0034490773316520063,-0.006648654663194975,0.005048865997423491,271.5290039756342,1.429100020924391,-45.0,0.39023800753715593,0.45929140413740466,2.0538842501955576,2.417323179670551,0.6026892204453952,3.1720485286599747
188,11,12,192.0,-256.0,1.0105263157894737,-1.3473684210526315,1.18365478515625,-0.05450439453125,6.2297620271381575,-0.286865234375,0.007436553969114357,-0.0001748008868389661,0.0038056774279766614,320.0,1.6842105263157894,-53.13010235415598,0.75379638671875,0.9142211914062499,3.9673494037828947,4.811690481085526,1.184909017370746,6.236363249319715
189,11,13,192.0,-320.0,1.0105263157894737,-1.6842105263157894,1.50909423828125,0.02996826171875,7.942601254111842,0.15772769325657893,-0.0019052859788644128,-0.0007001522535574622,-0.0006025668626534753,373.18092127009925,1.9641101119478908,-59.03624346792648,0.7507250077161092,1.3094561770115705,3.9511842511374162,6.891874615850371,1.5093917704572626,7.944167212932961
190,11,14,192.0,-384.0,1.0105263157894737,-2.0210526315789474,1.3072509765625,-0.14385986328125,6.880268297697369,-0.7571571751644737,-0.007127346337938434,-0.011447368322706097,0.0021600109923838318,429.32505167995964,2.2596055351576823,-63.43494882292201,0.7132925828616274,1.1049047321925536,3.7541714887454076,5.815288064171334,1.3151428728419243,6.921804593904865
191,11,15,192.0,-448.0,1.0105263157894737,-2.357894736842105,0.3155517578125,-1.4237060546875,1.6607987253289473,-7.493189761513158,-0.005164094621704862,-1.340324206466903e-05,-0.0025753456898200966,487.40947877529015,2.565313046185737,-66.80140948635182,1.4328942714755564,-0.27078746053859293,7.54154879723977,-1.4251971607294365,1.4582564390436976,7.675033889703672
192,12,0,256.0,512.0,1.3473684210526315,2.694736842105263,0.239501953125,-1.3602533340454102,1.2605365953947367,-7.159228073923211,-1.1920857900804549e-05,-7.105427357601002e-11,-5.9603934232654865e-06,572.4334022399462,3.012807380210243,63.43494882292201,-1.1095390390322126,-0.8225408434818406,-5.83967915280112,-4.32916233411495,1.3811771495113665,7.269353418480876
193,12,1,256.0,448.0,1.3473684210526315,2.357894736842105,0.26416015625,-1.2221755981445312,1.390316611842105,-6.432503148129111,0.0007342761846716173,0.0014878520277803176,-0.00037678792155435015,515.9844958911071,2.71570787311109,60.25511870305777,-0.9300854420827975,-0.8357241478356443,-4.895186537277882,-4.3985481465033915,1.250397449153655,6.5810392060718685
194,12,2,256.0,384.0,1.3473684210526315,2.0210526315789474,0.317626953125,-1.1696319580078125,1.6717208059210527,-6.155957673725329,-0.0008861386721417119,0.008237000698356312,-0.004561569685249012,461.5105632593906,2.4290029645231086,56.309932474020215,-0.7970048817024897,-0.9130766764555213,-4.194762535276262,-4.805666718186954,1.2119924911255269,6.378907848029089
195,12,3,256.0,320.0,1.3473684210526315,1.6842105263157894,0.52734375,-0.1634063720703125,2.7754934210526314,-0.8600335372121711,0.009784660429041026,0.009295620828588369,0.00024451980022632824,409.7999511957023,2.1568418483984333,51.34019174590991,0.20183008976982858,-0.5138654376008829,1.0622636303675188,-2.7045549347414886,0.5520806762577766,2.905687769777771
196,12,4,256.0,256.0,1.3473684210526315,1.3473684210526315,0.43994140625,0.0318603515625,2.315481085526316,0.16768606085526316,0.0057213477321695905,0.01323018749274496,-0.003754419880287685,362.03867196751236,1.9054666945658543,45.0,0.3336142223249519,-0.2885568810432896,1.7558643280260626,-1.5187204265436294,0.4410935534950762,2.321545018395138
197,12,5,256.0,192.0,1.3473684210526315,1.0105263157894737,0.63983154296875,1.54345703125,3.367534436677632,8.123458059210526,0.00598065531858083,0.009971454971946514,-0.001995399826682842,320.0,1.6842105263157894,36.86989764584402,1.4379394531249998,0.8508666992187501,7.56810238486842,4.4782457853618425,1.6708213581029048,8.793796621594236
198,12,6,256.0,128.0,1.3473684210526315,0.6736842105263158,0.96942138671875,1.31689453125,5.1022178248355265,6.931023848684211,0.0004965987598382071,-0.003813716450878246,0.0021551576053582266,286.2167011199731,1.5064036901051214,26.56505117707799,1.456009986032639,0.744327852520041,7.663210452803363,3.917515013263374,1.6352336320733687,8.60649280038615
199,12,7,256.0,64.0,1.3473684210526315,0.3368421052631579,0.57965087890625,1.056243896484375,3.050794099506579,5.559178402549342,-0.0003998522055326248,-0.007980560849887297,0.003790354322177336,263.8787600395303,1.3888355791554226,14.036243467926479,0.8185207264981982,0.8841211062802117,4.308003823674727,4.653268980422166,1.204842857088543,6.341278195202858
200,12,8,256.0,0.0,1.3473684210526315,0.0,0.44586181640625,0.2994384765625,2.3466411389802633,1.5759919819078947,0.0065146861685718704,-0.0029763160361255814,0.004745501102348726,256.0,1.3473684210526315,0.0,0.44586181640625,0.2994384765625,2.3466411389802633,1.5759919819078947,0.5370811489664774,2.8267428892972495
201,12,9,256.0,-64.0,1.3473684210526315,-0.3368421052631579,-0.37066650390625,0.67852783203125,-1.9508763363486843,3.5711991159539473,0.0015707880198760904,-0.001237478846292106,0.0014041334330840982,263.8787600395303,1.3888355791554226,-14.036243467926479,-0.5241665006659859,0.568368855180054,-2.7587710561367675,2.9914150272634417,0.7731711815368639,4.069322008088757
202,12,10,256.0,-128.0,1.3473684210526315,-0.6736842105263158,0.23291015625,0.14129638671875,1.225842927631579,0.743665193256579,-0.0018528119024949774,-0.006477056414155413,0.002312122255830218,286.2167011199731,1.5064036901051214,-26.56505117707799,0.1451315116743943,0.2305399186763089,0.7638500614441806,1.2133679930332049,0.2724184461158494,1.4337812953465758
203,12,11,256.0,-192.0,1.3473684210526315,-1.0105263157894737,0.48248291015625,-0.14764404296875,2.5393837376644735,-0.7770739103618421,-0.006005739025340517,-6.72590215344826e-05,-0.0029692400019030174,320.0,1.6842105263157894,-36.86989764584402,0.47457275390625,0.17137451171875,2.497751336348684,0.9019711143092105,0.5045676585127133,2.65561925533007
204,12,12,256.0,-256.0,1.3473684210526315,-1.3473684210526315,1.49365234375,0.135009765625,7.861328124999999,0.7105777138157895,-0.005042327965838922,0.0015795365229678282,-0.003310932244403375,362.03867196751236,1.9054666945658543,-45.0,0.9607053802009612,1.1516380218006488,5.056344106320848,6.061252746319204,1.4997416313498755,7.893377007104607
205,12,13,256.0,-320.0,1.3473684210526315,-1.6842105263157894,1.2041015625,0.05633544921875,6.337376644736842,0.29650236430921056,-0.007402112103022773,-0.005612204455815117,-0.0008949538236038279,409.7999511957023,2.1568418483984333,-51.34019174590991,0.7082056876854104,0.9754378296865746,3.727398356239002,5.133883314139866,1.205418705534977,6.344308976499879
206,12,14,256.0,-384.0,1.3473684210526315,-2.0210526315789474,0.660400390625,-0.57781982421875,3.4757915296052633,-3.041156969572368,-0.008184250145291116,-0.01017159625973818,0.000993673057223532,461.5105632593906,2.4290029645231086,-56.309932474020215,0.8470993810823575,0.22896956952339015,4.458417795170302,1.205102997491527,0.8774989602260733,4.618415580137228
207,12,15,256.0,-448.0,1.3473684210526315,-2.357894736842105,0.23114013671875,-1.2347412109375,1.2165270353618423,-6.498637952302632,2.8133788077866484e-05,-3.957438821089454e-10,1.4067091910874296e-05,515.9844958911071,2.71570787311109,-60.25511870305777,1.1867332107382287,-0.4119173549641983,6.245964267043309,-2.1679860787589385,1.2561893252172487,6.611522764301308
208,13,0,320.0,512.0,1.6842105263157894,2.694736842105263,0.23480224609375,-1.2552003860473633,1.235801295230263,-6.606317821301912,-0.0003551805838242217,-6.309903710643994e-08,-0.00017755874239355762,603.7747924516226,3.1777620655348557,57.9946167919165,-0.9399628570146422,-0.8643667805607702,-4.947172931656011,-4.549298845056685,1.2769730239531765,6.720910652385139
209,13,1,320.0,448.0,1.6842105263157894,2.357894736842105,0.30523681640625,-1.0963516235351562,1.6065095600328947,-5.770271702816612,0.00024343332501455817,0.0006582433894057604,-0.00020740503219560114,550.5488170907281,2.897625353109095,54.46232220802562,-0.714722716457866,-0.8856228514989236,-3.7616985076729788,-4.661172902625914,1.1380493822844402,5.989733590970737
210,13,2,320.0,384.0,1.6842105263157894,2.0210526315789474,0.29205322265625,-1.1709136962890625,1.5371222245065788,-6.1627036646792765,-0.0001501186836900814,-0.00038411774743174476,0.00011699953187083167,499.85597925802585,2.630820943463294,50.19442890773481,-0.7125529010450088,-0.9739621821372523,-3.750278426552678,-5.126116748090801,1.2067866294507974,6.351508576056829
211,13,3,320.0,320.0,1.6842105263157894,1.6842105263157894,0.395263671875,-1.1455078125,2.0803351151315788,-6.028988486842104,-0.001890749460635277,0.0036492056907988513,-0.002769977575717064,452.54833995939043,2.381833368207318,45.0,-0.5305027193814111,-1.0894899648604253,-2.7921195756916375,-5.734157709791711,1.2117844357816463,6.377812819903402
212,13,4,320.0,256.0,1.6842105263157894,1.3473684210526315,0.80712890625,-0.702728271484375,4.248046875,-3.698569849917763,0.00037652378844654777,0.009298263732915757,-0.004460869972234605,409.7999511957023,2.1568418483984333,38.65980825409009,0.19127091711772282,-1.052948019188357,1.006689037461699,-5.541831679938721,1.070179468522798,5.632523518541043
213,13,5,320.0,192.0,1.6842105263157894,1.0105263157894737,0.91644287109375,0.050262451171875,4.823383532072368,0.264539216694079,0.003808444770498909,0.0074632703936856615,-0.0018274128115933763,373.18092127009925,1.9641101119478908,30.96375653207352,0.8117030965678966,-0.4284062709606953,4.272121560883666,-2.2547698471615543,0.9178201621104,4.830632432159999
214,13,6,320.0,128.0,1.6842105263157894,0.6736842105263158,0.315673828125,0.257080078125,1.6614412006578947,1.353053042763158,0.0016718091698351145,-0.003932255718297029,0.0028020324440660715,344.65054765660824,1.813950250824254,21.80140948635181,0.38857293542859167,0.12145454369539112,2.045120712782061,0.6392344405020585,0.4071119407876022,2.1426944251979063
215,13,7,320.0,64.0,1.6842105263157894,0.3368421052631579,0.15679931640625,-0.451904296875,0.8252595600328947,-2.378443667763158,-0.0011059355490488088,-0.007225363279076191,0.0030597138650136912,326.3372488699382,1.7175644677365167,11.309932474020215,0.06512865547405144,-0.4738794967032207,0.3427823972318497,-2.494102614227477,0.47833410829623624,2.5175479384012434
216,13,8,320.0,0.0,1.6842105263157894,0.0,0.6529541015625,-0.66436767578125,3.4366005345394735,-3.4966719777960527,-0.007371552816834992,-0.0005863825164169612,-0.0033925851502090154,320.0,1.6842105263157894,0.0,0.6529541015625,-0.66436767578125,3.4366005345394735,-3.4966719777960527,0.9315221239295778,4.9027480206819885
217,13,9,320.0,-64.0,1.6842105263157894,-0.3368421052631579,-0.0712890625,-0.5234375,-0.3752055921052631,-2.7549342105263155,-0.012025982408772506,0.0031677785208330533,-0.00759688046480278,326.3372488699382,1.7175644677365167,-11.309932474020215,0.03274986241077098,-0.5272536328470905,0.17236769689879464,-2.775019120247845,0.5282697671061434,2.7803671952954914
218,13,10,320.0,-128.0,1.6842105263157894,-0.6736842105263158,-0.614013671875,-0.24884033203125,-3.2316509046052633,-1.3096859580592104,-0.016089240435007923,0.004653254869822376,-0.01037124765241515,344.65054765660824,1.813950250824254,-21.80140948635181,-0.47768040300354175,-0.4590814009314872,-2.514107384229167,-2.4162178996394066,0.6625211695446742,3.486953523919338
219,13,11,320.0,-192.0,1.6842105263157894,-1.0105263157894737,-0.17034912109375,0.09051513671875,-0.8965743215460527,0.4763954564144737,0.000839136799413609,0.004577733317773891,-0.001869298259180141,373.18092127009925,1.9641101119478908,-30.96375653207352,-0.1926428198829793,-0.010027810337312232,-1.0139095783314698,-0.05277794914374859,0.19290363664956425,1.0152822981556013
220,13,12,320.0,-256.0,1.6842105263157894,-1.3473684210526315,0.53643798828125,0.3385009765625,2.8233578330592106,1.7815840871710527,-0.0074966681107753175,-0.001969026316714917,-0.0027638208970302003,409.7999511957023,2.1568418483984333,-38.65980825409009,0.20742780959826396,0.5994350091630176,1.0917253136750735,3.1549211008579876,0.6343095666983123,3.338471403675328
221,13,13,320.0,-320.0,1.6842105263157894,-1.6842105263157894,0.55609130859375,-0.15765380859375,2.9267963610197367,-0.8297568873355263,-0.008354767180094314,-0.011269466065755296,0.0014573494428304912,452.54833995939043,2.381833368207318,-45.0,0.5046940124020682,0.281737858129015,2.6562842758003593,1.4828308322579735,0.5780071512166818,3.0421429011404304
222,13,14,320.0,-384.0,1.6842105263157894,-2.0210526315789474,0.248779296875,-1.0914306640625,1.309364720394737,-5.74437191611842,-0.0031221626575188566,-0.009145903748731143,0.0030118705456061434,499.85597925802585,2.630820943463294,-50.19442890773481,0.9977248861567808,-0.5075993346656081,5.251183611351478,-2.671575445608464,1.119424867067696,5.891709826672084
223,13,15,320.0,-448.0,1.6842105263157894,-2.357894736842105,0.31915283203125,-1.3223876953125,1.6797517475328947,-6.959935238486842,0.001446815389499534,-1.0451258276589215e-06,0.0007239302576635964,550.5488170907281,2.897625353109095,-54.46232220802562,1.2615749451978926,-0.5089168935655471,6.639868132620487,-2.6785099661344587,1.3603557427774078,7.159767067249514
224,14,0,384.0,512.0,2.0210526315789474,2.694736842105263,0.19403076171875,-1.2065563201904297,1.021214535361842,-6.3502964220548925,0.00045834550121526263,-1.0499218205950456e-07,0.00022922524669866107,640.0,3.3684210526315788,53.13010235415598,-0.8488265991210937,-0.879158401489258,-4.467508416426809,-4.627149481522411,1.222058137031389,6.431884931744152
225,14,1,384.0,448.0,2.0210526315789474,2.357894736842105,0.2952880859375,-1.1663665771484375,1.5541478207236843,-6.138771458675986,-0.0012013700216896295,0.00016614165006945125,-0.0006837558358795404,590.0508452667448,3.1055307645618146,49.39870535499553,-0.6934005854657135,-0.9832607355434265,-3.649476765609018,-5.17505650286014,1.2031650119520574,6.332447431326617
226,14,2,384.0,384.0,2.0210526315789474,2.0210526315789474,0.29840087890625,-1.1851959228515625,1.570530941611842,-6.237873278166118,-0.0007761995691453194,-0.0007306058507765556,-2.27968591843819e-05,543.0580079512685,2.858200041848782,45.0,-0.6270587890963528,-1.0490613590696234,-3.3003094162965936,-5.52137557405065,1.2221834805281855,6.432544634358871
227,14,3,384.0,320.0,2.0210526315789474,1.6842105263157894,0.28424072265625,-1.2598114013671875,1.4960038034539473,-6.630586322985198,-0.0011524382533067978,-0.0012991007863050186,7.333126649911037e-05,499.85597925802585,2.630820943463294,39.80557109226519,-0.5881518340020527,-1.1497804032035535,-3.0955359684318564,-6.051475806334492,1.2914788250029128,6.7972569736995405
228,14,4,384.0,256.0,2.0210526315789474,1.3473684210526315,0.4825439453125,-1.351287841796875,2.5397049753289473,-7.112041272615131,-0.0040612882682395934,-0.0012007289818214417,-0.0014302796432090759,461.5105632593906,2.4290029645231086,33.690067525979785,-0.3480587992732828,-1.3920066676543792,-1.8318884172278043,-7.32635088239147,1.4348614882788544,7.551902569888708
229,14,5,384.0,192.0,2.0210526315789474,1.0105263157894737,1.122802734375,-1.412353515625,5.909488075657895,-7.433439555921052,-0.004618300897504923,0.00325216243925297,-0.003935231668378947,429.32505167995964,2.2596055351576823,26.56505117707799,0.37264160191439366,-1.7653800355563525,1.9612715890231247,-9.291473871349224,1.8042805861113382,9.496213611112307
230,14,6,384.0,128.0,2.0210526315789474,0.6736842105263158,1.1822509765625,-0.932952880859375,6.222373560855263,-4.9102783203125,0.001250375402833015,0.0007494796386708913,0.00025044788208106183,404.7715405015526,2.13037652895554,18.43494882292201,0.8265561502556198,-1.2589374011289842,4.350295527661157,-6.625986321731496,1.5060273734188208,7.926459860099056
231,14,7,384.0,64.0,2.0210526315789474,0.3368421052631579,0.4346923828125,-1.3162841796875,2.287854646381579,-6.9278114720394735,0.0005719244171871196,-0.0048040926148189556,0.0026880085160030376,389.29680193908604,2.048930536521506,9.462322208025617,0.21238213899567826,-1.3698377044038552,1.1178007315562015,-7.209672128441343,1.386203992697613,7.295810487882174
232,14,8,384.0,0.0,2.0210526315789474,0.0,-0.501220703125,-1.54638671875,-2.6380037006578947,-8.138877467105264,-0.004120594938626709,0.0060284204085974125,-0.005074507673612061,384.0,2.0210526315789474,0.0,-0.501220703125,-1.54638671875,-2.6380037006578947,-8.138877467105264,1.625587302228801,8.555722643309478
233,14,9,384.0,-64.0,2.0210526315789474,-0.3368421052631579,-1.9200439453125,-0.54119873046875,-10.105494449013158,-2.848414370888158,-0.008746289955070097,0.008443975196769316,-0.008595132575919706,389.29680193908604,2.048930536521506,-9.462322208025617,-1.8049471579269394,-0.8494884195112029,-9.499721883825996,-4.47099168163791,1.9948595985161905,10.499261044822054
234,14,10,384.0,-128.0,2.0210526315789474,-0.6736842105263158,-1.8448486328125,-0.4559326171875,-9.709729646381579,-2.3996453536184212,0.00039051155465585907,0.0016336621819164066,-0.0006215753136302737,404.7715405015526,2.13037652895554,-18.43494882292201,-1.6059985323931305,-1.0159280207557544,-8.452623854700686,-5.346989582925024,1.9003528697075167,10.00185720898693
235,14,11,384.0,-192.0,2.0210526315789474,-1.0105263157894737,0.5885009765625,-0.3319091796875,3.097373560855263,-1.7468904194078947,0.002821259005600041,-0.0011137051420746502,0.0019674820738373455,429.32505167995964,2.2596055351576823,-26.56505117707799,0.6748055729949927,-0.03368295757122486,3.5516082789210137,-0.17727872405907819,0.675645693374749,3.556029965130258
236,14,12,384.0,-256.0,2.0210526315789474,-1.3473684210526315,0.53021240234375,-0.597900390625,2.7905915912828947,-3.14684416118421,-0.0030154672438129637,-0.006155064982749536,0.0015697988694682863,461.5105632593906,2.4290029645231086,-33.690067525979785,0.772818849434521,-0.20337427238311478,4.067467628602742,-1.0703909072795514,0.7991308207725806,4.205951688276739
237,14,13,384.0,-320.0,2.0210526315789474,-1.6842105263157894,0.12213134765625,-1.11676025390625,0.6427965666118421,-5.877685546875,-0.002580018909043247,-0.004922060100966519,0.001171020595961636,499.85597925802585,2.630820943463294,-39.80557109226519,0.8087563928915611,-0.7797324077798193,4.2566125941661115,-4.103854777788523,1.1234186800944177,5.9127298952337775
238,14,14,384.0,-384.0,2.0210526315789474,-2.0210526315789474,0.25482177734375,-1.2259521484375,1.3411672491776316,-6.452379728618421,0.00021985968135140865,-0.0021925350048377368,0.0012061973430945727,543.0580079512685,2.858200041848782,-45.0,1.0470652843241472,-0.686692870816599,5.510869917495512,-3.6141730042978892,1.252155265319421,6.590290870102216
239,14,15,384.0,-448.0,2.0210526315789474,-2.357894736842105,0.41619873046875,-1.3970947265625,2.1905196340460527,-7.353130139802632,-0.0003170464350432667,-5.027516181144165e-08,-0.00015849807994072762,590.0508452667448,3.1055307645618146,-49.39870535499553,1.331611938704705,-0.5932155619432473,7.0084838879195,-3.1221871681223545,1.4577705780514798,7.672476726586735
240,15,0,448.0,512.0,2.357894736842105,2.694736842105263,0.29345703125,-1.2506847381591797,1.5445106907894737,-6.582551253469367,0.0022861805038019156,-2.607353167149995e-06,0.0011443939284845328,680.3293320150176,3.580680694815882,48.81407483429036,-0.7479933790746317,-1.0444305856852687,-3.9368072582875353,-5.497003082554046,1.2846514482358082,6.761323411767411
241,15,1,448.0,448.0,2.357894736842105,2.357894736842105,0.1513671875,-1.4776458740234375,0.7966694078947368,-7.7770835474917765,-0.0015351890470912677,9.891286127827748e-06,-0.0007725401666095477,633.5676759431466,3.334566715490245,45.0,-0.9378206529839098,-1.1518861824446813,-4.935898173599526,-6.062558854972007,1.4853785222865412,7.817781696244953
242,15,2,448.0,384.0,2.357894736842105,2.0210526315789474,0.192626953125,-1.249267578125,1.0138260690789473,-6.575092516447369,0.0001784295735163255,0.0017347603144841628,-0.0007781653704839187,590.0508452667448,3.1055307645618146,40.60129464500447,-0.6667592770283136,-1.0738746162011674,-3.5092593527805978,-5.651971664216671,1.2640311012093508,6.652795269522899
243,15,3,448.0,320.0,2.357894736842105,1.6842105263157894,0.24755859375,-1.255401611328125,1.3029399671052633,-6.6073769017269735,-0.000866031259505462,0.00011382064244003232,-0.0004899259509727472,550.5488170907281,2.897625353109095,35.53767779197438,-0.5282406511411571,-1.165452820815453,-2.7802139533745116,-6.133962214818174,1.279577454890766,6.73461818363561
244,15,4,448.0,256.0,2.357894736842105,1.3473684210526315,0.2861328125,-1.234649658203125,1.5059621710526314,-6.498156095805921,-0.0007006280468146997,-0.00039252113836596436,-0.00015405345422436767,515.9844958911071,2.71570787311109,29.74488129694223,-0.3641249184736175,-1.2139377284839759,-1.916446939334829,-6.389145939389347,1.2673719915203483,6.670378902738675
245,15,5,448.0,192.0,2.357894736842105,1.0105263157894737,0.3232421875,-1.30560302734375,1.7012746710526314,-6.871594880756579,-0.0064886618156094755,-0.0027526807289461885,-0.0018679905433316435,487.40947877529015,2.565313046185737,23.198590513648192,-0.21719577862129774,-1.327369869530734,-1.1431356769541987,-6.986157208056495,1.3450222216710586,7.079064324584518
246,15,6,448.0,128.0,2.357894736842105,0.6736842105263158,0.4755859375,-1.58380126953125,2.5030838815789473,-8.335796155427632,-0.006960205954300136,-0.004623837548507481,-0.0011681842028963274,465.92703291395316,2.452247541652385,15.945395900922858,0.022183596936537486,-1.653516354120367,0.1167557733501973,-8.70271765326509,1.6536651551376877,8.703500816514145
247,15,7,448.0,64.0,2.357894736842105,0.3368421052631579,0.228515625,-1.892974853515625,1.2027138157894737,-9.963025544819079,-0.002013057840485999,-0.004380374776701501,0.001183658468107751,452.54833995939043,2.381833368207318,8.13010235415598,-0.041488143844887,-1.9062664873600303,-0.2183586518151947,-10.032981512421212,1.9067179096320575,10.035357419116092
248,15,8,448.0,0.0,2.357894736842105,0.0,0.1220703125,-2.14300537109375,0.6424753289473684,-11.278975637335526,0.005222837665115776,0.0007631376003871537,0.002229850032364311,448.0,2.357894736842105,0.0,0.1220703125,-2.14300537109375,0.6424753289473684,-11.278975637335526,2.14647925257397,11.297259224073526
249,15,9,448.0,-64.0,2.357894736842105,-0.3368421052631579,-1.200439453125,-1.79351806640625,-6.318102384868421,-9.43956877055921,0.015941557278893015,0.006046357760169485,0.004947599759361765,452.54833995939043,2.381833368207318,-8.13010235415598,-0.9347326714046926,-1.9452600772527335,-4.919645638972066,-10.238210932909125,2.1581848704744138,11.358867739339018
250,15,10,448.0,-128.0,2.357894736842105,-0.6736842105263158,-0.564208984375,-1.35064697265625,-2.9695209703947367,-7.1086682771381575,0.015579607776658122,0.004291627117140706,0.005643990329758708,465.92703291395316,2.452247541652385,-15.945395900922858,-0.17144919023136534,-1.4536795375748985,-0.9023641591124492,-7.65094493460473,1.4637551102540896,7.703974264495208
251,15,11,448.0,-192.0,2.357894736842105,-1.0105263157894737,0.190185546875,-1.2276611328125,1.0009765625,-6.461374383223684,-0.0026160038059970248,0.0007811344212313998,-0.0016985691136142123,487.40947877529015,2.565313046185737,-23.198590513648192,0.6584075125218292,-1.0534808715460529,3.4653026974833114,-5.544636166031857,1.242305276193663,6.53844882207191
252,15,12,448.0,-256.0,2.357894736842105,-1.3473684210526315,0.1474609375,-1.25018310546875,0.7761101973684211,-6.5799110814144735,-0.0018803004729761597,9.502215266365965e-05,-0.0009876613128199097,515.9844958911071,2.71570787311109,-29.74488129694223,0.7482964664145337,-1.0123017947427484,3.938402454813335,-5.327904182856571,1.2588496833569394,6.625524649247049
253,15,13,448.0,-320.0,2.357894736842105,-1.6842105263157894,0.223876953125,-1.21527099609375,1.1782997532894737,-6.3961631373355265,0.0014560161736199007,-0.0005066333916374788,0.0009813247826286897,550.5488170907281,2.897625353109095,-35.53767779197438,0.8885380888383322,-0.8587808502585239,4.676516257043853,-4.519899211886968,1.2357202288897065,6.503790678366876
254,15,14,448.0,-384.0,2.357894736842105,-2.0210526315789474,0.276611328125,-1.31488037109375,1.4558490953947367,-6.920423005756579,1.8268297253598575e-05,-0.001118808458386411,0.0005685383778200048,590.0508452667448,3.1055307645618146,-40.60129464500447,1.065731779802335,-0.8183153369295126,5.609114630538605,-4.306922825944803,1.343660752249136,7.071898696048084
255,15,15,448.0,-448.0,2.357894736842105,-2.357894736842105,0.278564453125,-1.3583984375,1.4661287006578947,-7.149465460526316,-0.001446153580104692,-1.0471950417922926e-06,-0.0007225531925314499,633.5676759431466,3.334566715490245,-45.0,1.15750756051167,-0.763557932907251,6.092145055324579,-4.018725962669742,1.386666675718167,7.298245661674563
256,16,0,512.0,512.0,2.694736842105263,2.694736842105263,0.486328125,-0.8535146713256836,2.559621710526316,-4.4921824806614925,0.0,-0.0,0.0,724.0773439350247,3.8109333891317085,45.0,-0.2596400968673592,-0.9474119270058372,-1.3665268256176801,-4.986378563188617,0.9823453259084635,5.170238557412965
257,16,1,512.0,448.0,2.694736842105263,2.357894736842105,0.0986328125,-1.4721755981445312,0.5191200657894737,-7.748292621813323,2.892717895469632e-06,-0.00240818600374218,0.0012055393608188247,680.3293320150176,3.580680694815882,41.18592516570964,-0.8952056589488724,-1.1728752071980137,-4.7116087313098545,-6.173027406305335,1.4754759989487694,7.765663152361944
258,16,2,512.0,384.0,2.694736842105263,2.0210526315789474,0.321044921875,-1.1613922119140625,1.6897101151315788,-6.112590589021381,1.425382352593374e-06,0.0016869953901998969,-0.0008427850039236517,640.0,3.3684210526315788,36.86989764584402,-0.43999938964843743,-1.12174072265625,-2.315786261307565,-5.903898540296052,1.2049488419664809,6.3418360103498985
259,16,3,512.0,320.0,2.694736842105263,1.6842105263157894,0.17333984375,-1.2560577392578125,0.9123149671052632,-6.610830206620066,2.223544726120963e-08,-0.00021090346866259324,0.00010546285205492723,603.7747924516226,3.1777620655348557,32.005383208083494,-0.5187173768729243,-1.1570047660709069,-2.7300914572259174,-6.089498768794247,1.2679620442981412,6.673484443674427
260,16,4,512.0,256.0,2.694736842105263,1.3473684210526315,0.392822265625,-1.188385009765625,2.0674856085526314,-6.254657946134869,6.137469910072468e-08,-0.0003504174766888468,0.00017523942569397377,572.4334022399462,3.012807380210243,26.56505117707799,-0.18011101745034624,-1.2385993239136714,-0.947952723422875,-6.518943810071955,1.2516262476499935,6.587506566578913
261,16,5,512.0,192.0,2.694736842105263,1.0105263157894737,0.2890625,-1.3009033203125,1.5213815789473684,-6.846859580592105,1.578953572334285e-07,-0.0005621104862996162,0.00028113419082842483,546.816239700322,2.877980208949063,20.556045219583467,-0.186119998110839,-1.319570355839187,-0.9795789374254684,-6.945107135995721,1.3326314485657078,7.013849729293199
262,16,6,512.0,128.0,2.694736842105263,0.6736842105263158,0.286865234375,-1.26031494140625,1.5098170230263157,-6.633236533717105,8.87407907157467e-08,0.0004211968884817452,-0.00021055407384551472,527.7575200790606,2.777671158310845,14.036243467926479,-0.027371116375255133,-1.2922601271467116,-0.14405850723818492,-6.80136909024585,1.2925499658523314,6.802894557117534
263,16,7,512.0,64.0,2.694736842105263,0.3368421052631579,0.175537109375,-1.246978759765625,0.9238795230263158,-6.563046104029604,4.862567948293872e-08,0.0003118028757853608,-0.00015587712505293894,515.9844958911071,2.71570787311109,7.125016348901798,0.019512910669170214,-1.259122134819162,0.10269952983773796,-6.626958604311378,1.259273323815901,6.627754335873163
264,16,8,512.0,0.0,2.694736842105263,0.0,0.16552734375,-1.22039794921875,0.8711965460526315,-6.423147101151315,1.755104506173666e-07,0.0005922946586167654,-0.00029605957408307404,512.0,2.694736842105263,0.0,0.16552734375,-1.22039794921875,0.8711965460526315,-6.423147101151315,1.2315723510968657,6.481959742615082
265,16,9,512.0,-64.0,2.694736842105263,-0.3368421052631579,0.10205078125,-1.171142578125,0.5371093749999999,-6.163908305921052,2.956994649139233e-10,2.431839936889446e-05,-1.2159051834714774e-05,515.9844958911071,2.71570787311109,-7.125016348901798,0.24652509137957665,-1.1494410291838804,1.2975004809451403,-6.0496896272835805,1.1755804099469365,6.187265315510191
266,16,10,512.0,-128.0,2.694736842105263,-0.6736842105263158,0.1328125,-1.21728515625,0.6990131578947368,-6.4067639802631575,1.1391432508389698e-07,-0.000477427909686412,0.00023877091200574796,527.7575200790606,2.777671158310845,-14.036243467926479,0.4240820670190959,-1.148728302174038,2.232010879047873,-6.045938432494936,1.2245090084531174,6.444784255016407
267,16,11,512.0,-192.0,2.694736842105263,-1.0105263157894737,0.253173828125,-1.23223876953125,1.332493832236842,-6.485467208059211,1.6153353499248624e-07,-0.0005685514261131175,0.000284356479824055,546.816239700322,2.877980208949063,-20.556045219583467,0.6697219598867454,-1.0648858477925287,3.5248524204565546,-5.604662356802782,1.2579782877233439,6.620938356438652
268,16,12,512.0,-256.0,2.694736842105263,-1.3473684210526315,0.289306640625,-1.2900390625,1.522666529605263,-6.789679276315789,1.976889052457409e-08,-0.0001988608638612277,9.944031637587614e-05,572.4334022399462,3.012807380210243,-26.56505117707799,0.8356867333878608,-1.0244641519961195,4.398351228357162,-5.391916589453261,1.322081357211273,6.958322932690911
269,16,13,512.0,-320.0,2.694736842105263,-1.6842105263157894,0.308349609375,-1.2576904296875,1.6228926809210524,-6.619423314144736,3.426532657613279e-08,0.0002617493345269395,-0.00013085753460018168,603.7747924516226,3.1777620655348557,-32.005383208083494,0.9280545403771504,-0.9030943852192858,4.88449758093237,-4.753128343259399,1.294938106061152,6.815463716111326
270,16,14,512.0,-384.0,2.694736842105263,-2.0210526315789474,0.257080078125,-1.25653076171875,1.353053042763158,-6.613319798519737,2.0322306681919144e-07,-0.0006377345035843973,0.00031896886332560825,640.0,3.3684210526315788,-36.86989764584402,0.95958251953125,-0.8509765625000001,5.050434313322368,-4.478824013157895,1.2825598316313582,6.750314903322938
271,16,15,512.0,-448.0,2.694736842105263,-2.357894736842105,0.23095703125,-1.33929443359375,1.215563322368421,-7.048918071546052,0.0,-0.0,0.0,680.3293320150176,3.580680694815882,-41.18592516570964,1.0557444350115794,-0.8558355087755463,5.5565496579556815,-4.504397414608138,1.3590624452684348,7.15296023825492
